,,,,,,,,Supply and Disposition of Propane ,,,,,,,,,,,,,,,,,,,,,,,,,,,,,,,,,,,,,,,,,,,,,,,,,,,,,,,,,,,,,,,,,,,,,,,,,,,,,,,,,,,,,,,,,,,,,,
,,,,,,,,Unit = m3,,,,,,,,,,,,,,,,,,,,,,,,,,,,,,,,,,,,,,,,,,,,,,,,,,,,,,,,,,,,,,,,,,,,,,,,,,,,,,,,,,,,,,,,,,,,,,
,,,,,,,,,,,,,,,,,,,,,,,,,,,,,,,,,,,,,,,,,,,,,,,,,,,,,,,,,,,,,,,,,,,,,,,,,,,,,,,,,,,,,,,,,,,,,,,,,,,,,,
, Run Date:  26 March 2018,,,,,,,,,,,,,,Year To Date,,,,,,,,,,,,,,,,,,,,,,,,,,,,,,,,,,,,,,,,,,,,,,,,,,,,,,,,,,,,,,,,,,,,,,,,,,,,,,,,,,,,,,,
,,,Jan,Feb,Mar,Apr,May,Jun,Jul,Aug,Sep,Oct,Nov,Dec,2017,,,,,,,,,,,,,,,,,,,,,,,,,,,,,,,,,,,,,,,,,,,,,,,,,,,,,,,,,,,,,,,,,,,,,,,,,,,,,,,,,,,,,,,
,Supply,,,,,,,,,,,,,,,,,,,,,,,,,,,,,,,,,,,,,,,,,,,,,,,,,,,,,,,,,,,,,,,,,,,,,,,,,,,,,,,,,,,,,,,,,,,,,,,,,,,,,
,,Opening Inventory," 484,435.1 "," 300,532.6 "," 217,849.0 "," 189,751.8 "," 302,577.4 "," 465,386.5 "," 561,067.3 "," 705,188.6 "," 845,757.8 "," 850,232.9 "," 851,405.1 "," 670,812.5 "," 484,435.1 ",,,,,,,,,,,,,,,,,,,,,,,,,,,,,,,,,,,,,,,,,,,,,,,,,,,,,,,,,,,,,,,,,,,,,,,,,,,,,,,,,,,,,,,
,,,,,,,,,,,,,,,,,,,,,,,,,,,,,,,,,,,,,,,,,,,,,,,,,,,,,,,,,,,,,,,,,,,,,,,,,,,,,,,,,,,,,,,,,,,,,,,,,,,,,,
,,Production,,,,,,,,,,,,,,,,,,,,,,,,,,,,,,,,,,,,,,,,,,,,,,,,,,,,,,,,,,,,,,,,,,,,,,,,,,,,,,,,,,,,,,,,,,,,,,,,,,,,
,,Plant/Gathering System Process," 193,722.6 "," 167,559.2 "," 151,033.6 "," 98,946.6 "," 98,703.9 "," 109,648.2 "," 94,819.0 "," 88,278.0 "," 94,979.8 "," 110,735.7 "," 118,669.2 "," 149,092.4 "," 1,476,188.2 ",,,,,,,,,,,,,,,,,,,,,,,,,,,,,,,,,,,,,,,,,,,,,,,,,,,,,,,,,,,,,,,,,,,,,,,,,,,,,,,,,,,,,,,
,,Refinery Process," 24,792.9 "," 24,049.7 "," 22,096.9 "," 12,733.7 "," 16,748.2 "," 23,714.2 "," 23,753.2 "," 24,365.0 "," 20,897.9 "," 21,559.9 "," 20,502.0 "," 15,656.0 "," 250,869.6 ",,,,,,,,,,,,,,,,,,,,,,,,,,,,,,,,,,,,,,,,,,,,,,,,,,,,,,,,,,,,,,,,,,,,,,,,,,,,,,,,,,,,,,,
,,Fractionation Yield," 521,224.9 "," 489,077.3 "," 508,905.9 "," 438,237.6 "," 507,192.1 "," 443,086.6 "," 525,324.4 "," 518,136.3 "," 484,201.3 "," 558,496.0 "," 530,076.0 "," 601,090.0 "," 6,125,048.4 ",,,,,,,,,,,,,,,,,,,,,,,,,,,,,,,,,,,,,,,,,,,,,,,,,,,,,,,,,,,,,,,,,,,,,,,,,,,,,,,,,,,,,,,
,,Total Production," 739,740.4 "," 680,686.2 "," 682,036.4 "," 549,917.9 "," 622,644.2 "," 576,449.0 "," 643,896.6 "," 630,779.3 "," 600,079.0 "," 690,791.6 "," 669,247.2 "," 765,838.4 "," 7,852,106.2 ",,,,,,,,,,,,,,,,,,,,,,,,,,,,,,,,,,,,,,,,,,,,,,,,,,,,,,,,,,,,,,,,,,,,,,,,,,,,,,,,,,,,,,,
,,,,,,,,,,,,,,,,,,,,,,,,,,,,,,,,,,,,,,,,,,,,,,,,,,,,,,,,,,,,,,,,,,,,,,,,,,,,,,,,,,,,,,,,,,,,,,,,,,,,,,
,,Intra-Alberta Receipts," 3,943.4 "," 3,327.1 "," 2,275.1 "," 4,632.8 "," 2,380.5 "," 2,391.5 "," 2,449.2 "," 7,447.5 "," 8,191.5 "," 9,809.0 "," 10,566.7 "," 10,342.6 "," 67,756.9 ",,,,,,,,,,,,,,,,,,,,,,,,,,,,,,,,,,,,,,,,,,,,,,,,,,,,,,,,,,,,,,,,,,,,,,,,,,,,,,,,,,,,,,,
,,,,,,,,,,,,,,,,,,,,,,,,,,,,,,,,,,,,,,,,,,,,,,,,,,,,,,,,,,,,,,,,,,,,,,,,,,,,,,,,,,,,,,,,,,,,,,,,,,,,,,
,,Flare, -   , -   , -   , -   , -   , -   , -   , -   , -   , -   , -   , -   , -   ,,,,,,,,,,,,,,,,,,,,,,,,,,,,,,,,,,,,,,,,,,,,,,,,,,,,,,,,,,,,,,,,,,,,,,,,,,,,,,,,,,,,,,,
,,Fuel, -   , (39.4), -   , (14.5), (41.5), (30.5), (52.7), (58.7), (65.4), (19.3), (26.2), (37.5), (385.7),,,,,,,,,,,,,,,,,,,,,,,,,,,,,,,,,,,,,,,,,,,,,,,,,,,,,,,,,,,,,,,,,,,,,,,,,,,,,,,,,,,,,,,
,,,,,,,,,,,,,,,,,,,,,,,,,,,,,,,,,,,,,,,,,,,,,,,,,,,,,,,,,,,,,,,,,,,,,,,,,,,,,,,,,,,,,,,,,,,,,,,,,,,,,,
,,Imports, -   , -   , -   , -   , -   , -   , -   , -   , -   , -   , -   ," 57,857.0 "," 57,857.0 ",,,,,,,,,,,,,,,,,,,,,,,,,,,,,,,,,,,,,,,,,,,,,,,,,,,,,,,,,,,,,,,,,,,,,,,,,,,,,,,,,,,,,,,
,,,,,,,,,,,,,,,,,,,,,,,,,,,,,,,,,,,,,,,,,,,,,,,,,,,,,,,,,,,,,,,,,,,,,,,,,,,,,,,,,,,,,,,,,,,,,,,,,,,,,,
,,Closing Inventory," 300,532.6 "," 217,849.0 "," 189,751.8 "," 302,577.4 "," 465,386.5 "," 561,067.3 "," 705,188.6 "," 845,757.8 "," 850,232.9 "," 851,405.1 "," 670,812.5 "," 462,941.4 "," 462,941.4 ",,,,,,,,,,,,,,,,,,,,,,,,,,,,,,,,,,,,,,,,,,,,,,,,,,,,,,,,,,,,,,,,,,,,,,,,,,,,,,,,,,,,,,,
,,Adjustments," 4,129.0 "," 3,836.6 "," (30,556.2)", (945.2)," 1,823.2 ", 614.9 ," (1,548.3)", 4.0 ," 2,362.7 "," 1,692.4 "," 3,071.6 "," (61,544.6)"," (77,059.9)",,,,,,,,,,,,,,,,,,,,,,,,,,,,,,,,,,,,,,,,,,,,,,,,,,,,,,,,,,,,,,,,,,,,,,,,,,,,,,,,,,,,,,,
,,,,,,,,,,,,,,,,,,,,,,,,,,,,,,,,,,,,,,,,,,,,,,,,,,,,,,,,,,,,,,,,,,,,,,,,,,,,,,,,,,,,,,,,,,,,,,,,,,,,,,
,,TOTAL SUPPLY," 931,715.3 "," 770,494.1 "," 681,852.5 "," 440,765.4 "," 463,997.3 "," 483,744.1 "," 500,623.5 "," 497,602.9 "," 606,092.7 "," 701,101.5 "," 863,451.9 "," 980,327.0 "," 7,921,768.2 ",,,,,,,,,,,,,,,,,,,,,,,,,,,,,,,,,,,,,,,,,,,,,,,,,,,,,,,,,,,,,,,,,,,,,,,,,,,,,,,,,,,,,,,
,,,,,,,,,,,,,,,,,,,,,,,,,,,,,,,,,,,,,,,,,,,,,,,,,,,,,,,,,,,,,,,,,,,,,,,,,,,,,,,,,,,,,,,,,,,,,,,,,,,,,,
,Disposition,,,,,,,,,,,,,,,,,,,,,,,,,,,,,,,,,,,,,,,,,,,,,,,,,,,,,,,,,,,,,,,,,,,,,,,,,,,,,,,,,,,,,,,,,,,,,,,,,,,,,
,,Alberta Injection (reported as C3-SP or Solvent) ," 3,312.0 "," 2,420.0 "," 3,911.6 "," 2,843.9 "," 2,319.7 "," 2,368.1 "," 2,471.8 "," 7,542.8 "," 8,205.4 "," 9,850.1 "," 12,132.5 "," 11,849.0 "," 69,226.9 ",,,,,,,,,,,,,,,,,,,,,,,,,,,,,,,,,,,,,,,,,,,,,,,,,,,,,,,,,,,,,,,,,,,,,,,,,,,,,,,,,,,,,,,
,,,,,,,,,,,,,,,,,,,,,,,,,,,,,,,,,,,,,,,,,,,,,,,,,,,,,,,,,,,,,,,,,,,,,,,,,,,,,,,,,,,,,,,,,,,,,,,,,,,,,,
,,Alberta Other Sales  ," 310,676.4 "," 249,660.2 "," 238,047.4 "," 192,477.3 "," 195,981.5 "," 193,921.2 "," 213,341.1 "," 214,916.6 "," 282,831.3 "," 279,931.7 "," 324,255.6 "," 335,266.5 "," 3,031,306.8 ",,,,,,,,,,,,,,,,,,,,,,,,,,,,,,,,,,,,,,,,,,,,,,,,,,,,,,,,,,,,,,,,,,,,,,,,,,,,,,,,,,,,,,,
,,,,,,,,,,,,,,,,,,,,,,,,,,,,,,,,,,,,,,,,,,,,,,,,,,,,,,,,,,,,,,,,,,,,,,,,,,,,,,,,,,,,,,,,,,,,,,,,,,,,,,
,,Other Canada Removals,,,,,,,,,,,,,,,,,,,,,,,,,,,,,,,,,,,,,,,,,,,,,,,,,,,,,,,,,,,,,,,,,,,,,,,,,,,,,,,,,,,,,,,,,,,,,,,,,,,,
,,British Columbia," 17,791.5 "," 12,724.1 "," 12,428.1 "," 8,630.6 "," 10,031.7 "," 10,312.3 "," 8,282.5 "," 11,133.5 "," 8,182.1 "," 15,223.0 "," 14,779.4 "," 18,352.8 "," 147,871.6 ",,,,,,,,,,,,,,,,,,,,,,,,,,,,,,,,,,,,,,,,,,,,,,,,,,,,,,,,,,,,,,,,,,,,,,,,,,,,,,,,,,,,,,,
,,Saskatchewan," 36,263.3 "," 26,622.2 "," 28,731.5 "," 10,954.3 "," 4,872.4 "," 4,109.0 "," 2,710.4 "," 2,795.5 "," 5,786.1 "," 9,779.0 "," 12,562.7 "," 62,275.0 "," 207,461.4 ",,,,,,,,,,,,,,,,,,,,,,,,,,,,,,,,,,,,,,,,,,,,,,,,,,,,,,,,,,,,,,,,,,,,,,,,,,,,,,,,,,,,,,,
,,Manitoba," 18,249.8 "," 9,594.2 "," 10,645.7 "," 3,235.0 "," 3,526.7 "," 3,058.4 "," 3,637.3 "," 4,304.8 "," 5,286.5 "," 2,823.6 "," 8,630.6 "," 57,577.0 "," 130,569.6 ",,,,,,,,,,,,,,,,,,,,,,,,,,,,,,,,,,,,,,,,,,,,,,,,,,,,,,,,,,,,,,,,,,,,,,,,,,,,,,,,,,,,,,,
,,Ontario," 12,293.8 "," 6,989.6 "," 8,164.7 "," 6,246.7 "," 3,486.5 ", 708.5 ," 2,043.1 "," 2,334.1 "," 2,634.7 "," 3,808.3 "," 5,752.4 "," 3,781.5 "," 58,243.9 ",,,,,,,,,,,,,,,,,,,,,,,,,,,,,,,,,,,,,,,,,,,,,,,,,,,,,,,,,,,,,,,,,,,,,,,,,,,,,,,,,,,,,,,
,,Quebec," 9,087.0 "," 10,721.8 "," 6,431.6 "," 7,843.5 "," 4,826.2 "," 5,984.3 "," 4,446.7 "," 7,785.5 "," 3,091.4 "," 6,078.4 "," 15,210.7 "," 8,968.9 "," 90,476.0 ",,,,,,,,,,,,,,,,,,,,,,,,,,,,,,,,,,,,,,,,,,,,,,,,,,,,,,,,,,,,,,,,,,,,,,,,,,,,,,,,,,,,,,,
,,Maritimes," 1,903.8 "," 4,613.6 ", 833.2 ," 2,066.7 "," 2,528.4 "," 3,443.1 "," 2,748.9 "," 2,882.4 "," 2,625.1 ", -   ," 1,322.7 "," 1,431.0 "," 26,398.9 ",,,,,,,,,,,,,,,,,,,,,,,,,,,,,,,,,,,,,,,,,,,,,,,,,,,,,,,,,,,,,,,,,,,,,,,,,,,,,,,,,,,,,,,
,,NWT Yukon Nunavut, 248.4 , 436.6 , 64.0 , -   , -   , -   , -   , -   , 183.1 , -   , 371.3 , 508.5 ," 1,811.9 ",,,,,,,,,,,,,,,,,,,,,,,,,,,,,,,,,,,,,,,,,,,,,,,,,,,,,,,,,,,,,,,,,,,,,,,,,,,,,,,,,,,,,,,
,,Total Other Canada Removals," 95,837.6 "," 71,702.1 "," 67,298.8 "," 38,976.8 "," 29,271.9 "," 27,615.6 "," 23,868.9 "," 31,235.8 "," 27,789.0 "," 37,712.3 "," 58,629.8 "," 152,894.7 "," 662,833.3 ",,,,,,,,,,,,,,,,,,,,,,,,,,,,,,,,,,,,,,,,,,,,,,,,,,,,,,,,,,,,,,,,,,,,,,,,,,,,,,,,,,,,,,,
,,,,,,,,,,,,,,,,,,,,,,,,,,,,,,,,,,,,,,,,,,,,,,,,,,,,,,,,,,,,,,,,,,,,,,,,,,,,,,,,,,,,,,,,,,,,,,,,,,,,,,
,,USA Removals,,,,,,,,,,,,,,,,,,,,,,,,,,,,,,,,,,,,,,,,,,,,,,,,,,,,,,,,,,,,,,,,,,,,,,,,,,,,,,,,,,,,,,,,,,,,,,,,,,,,
,,       PADD 1," 72,399.4 "," 47,270.8 "," 33,128.8 "," 16,981.4 "," 6,202.8 "," 8,898.2 "," 9,263.2 "," 14,266.9 "," 18,289.0 "," 23,171.2 "," 43,463.8 "," 72,351.1 "," 365,686.6 ",,,,,,,,,,,,,,,,,,,,,,,,,,,,,,,,,,,,,,,,,,,,,,,,,,,,,,,,,,,,,,,,,,,,,,,,,,,,,,,,,,,,,,,
,,       PADD 2," 316,187.0 "," 286,550.8 "," 238,924.9 "," 126,538.8 "," 144,616.4 "," 137,373.7 "," 141,548.8 "," 142,302.7 "," 161,031.1 "," 248,714.8 "," 287,808.2 "," 259,115.8 "," 2,490,713.0 ",,,,,,,,,,,,,,,,,,,,,,,,,,,,,,,,,,,,,,,,,,,,,,,,,,,,,,,,,,,,,,,,,,,,,,,,,,,,,,,,,,,,,,,
,,       PADD 3," 16,103.4 "," 14,440.0 "," 17,065.9 "," 8,157.4 "," 20,094.9 "," 25,818.7 "," 27,315.6 "," 24,838.1 "," 24,262.9 "," 29,978.1 "," 27,323.4 "," 32,231.8 "," 267,630.2 ",,,,,,,,,,,,,,,,,,,,,,,,,,,,,,,,,,,,,,,,,,,,,,,,,,,,,,,,,,,,,,,,,,,,,,,,,,,,,,,,,,,,,,,
,,PADD 4," 26,711.1 "," 15,075.5 "," 11,910.7 "," 3,701.5 "," 5,999.1 "," 6,623.8 "," 6,177.4 "," 7,481.9 "," 20,572.3 "," 9,731.1 "," 17,538.0 "," 20,469.9 "," 151,992.3 ",,,,,,,,,,,,,,,,,,,,,,,,,,,,,,,,,,,,,,,,,,,,,,,,,,,,,,,,,,,,,,,,,,,,,,,,,,,,,,,,,,,,,,,
,,PADD 5," 90,488.4 "," 83,374.7 "," 71,564.4 "," 51,088.3 "," 59,511.0 "," 81,124.8 "," 76,636.7 "," 55,018.1 "," 63,111.7 "," 62,012.2 "," 92,300.6 "," 96,148.2 "," 882,379.1 ",,,,,,,,,,,,,,,,,,,,,,,,,,,,,,,,,,,,,,,,,,,,,,,,,,,,,,,,,,,,,,,,,,,,,,,,,,,,,,,,,,,,,,,
,,Total USA Removals," 521,889.3 "," 446,711.8 "," 372,594.7 "," 206,467.4 "," 236,424.2 "," 259,839.2 "," 260,941.7 "," 243,907.7 "," 287,267.0 "," 373,607.4 "," 468,434.0 "," 480,316.8 "," 4,158,401.2 ",,,,,,,,,,,,,,,,,,,,,,,,,,,,,,,,,,,,,,,,,,,,,,,,,,,,,,,,,,,,,,,,,,,,,,,,,,,,,,,,,,,,,,,
,,,,,,,,,,,,,,,,,,,,,,,,,,,,,,,,,,,,,,,,,,,,,,,,,,,,,,,,,,,,,,,,,,,,,,,,,,,,,,,,,,,,,,,,,,,,,,,,,,,,,,
,,Offshore Removals, -   , -   , -   , -   , -   , -   , -   , -   , -   , -   , -   , -   , -   ,,,,,,,,,,,,,,,,,,,,,,,,,,,,,,,,,,,,,,,,,,,,,,,,,,,,,,,,,,,,,,,,,,,,,,,,,,,,,,,,,,,,,,,
,,,,,,,,,,,,,,,,,,,,,,,,,,,,,,,,,,,,,,,,,,,,,,,,,,,,,,,,,,,,,,,,,,,,,,,,,,,,,,,,,,,,,,,,,,,,,,,,,,,,,,
,,Total Removals From Alberta," 617,726.9 "," 518,413.9 "," 439,893.5 "," 245,444.2 "," 265,696.1 "," 287,454.8 "," 284,810.6 "," 275,143.5 "," 315,056.0 "," 411,319.7 "," 527,063.8 "," 633,211.5 "," 4,821,234.5 ",,,,,,,,,,,,,,,,,,,,,,,,,,,,,,,,,,,,,,,,,,,,,,,,,,,,,,,,,,,,,,,,,,,,,,,,,,,,,,,,,,,,,,,
  ,,,,,,,,,,,,,,,,,,,,,,,,,,,,,,,,,,,,,,,,,,,,,,,,,,,,,,,,,,,,,,,,,,,,,,,,,,,,,,,,,,,,,,,,,,,,,,,,,,,,,,
,,Reporting Adjustment,0.0 ,0.0 ,0.0 ,0.0 ,0.0 ,0.0 ,0.0 ,0.0 ,0.0 ,0.0 ,0.0 ,0.0 , -   ,,,,,,,,,,,,,,,,,,,,,,,,,,,,,,,,,,,,,,,,,,,,,,,,,,,,,,,,,,,,,,,,,,,,,,,,,,,,,,,,,,,,,,,
,,as percent,0.00%,0.00%,0.00%,0.00%,0.00%,0.00%,0.00%,0.00%,0.00%,0.00%,0.00%,0.00%,0.00%,,,,,,,,,,,,,,,,,,,,,,,,,,,,,,,,,,,,,,,,,,,,,,,,,,,,,,,,,,,,,,,,,,,,,,,,,,,,,,,,,,,,,,,
,,,,,,,,,,,,,,,,,,,,,,,,,,,,,,,,,,,,,,,,,,,,,,,,,,,,,,,,,,,,,,,,,,,,,,,,,,,,,,,,,,,,,,,,,,,,,,,,,,,,,,
,,TOTAL DISPOSITION," 931,715.3 "," 770,494.1 "," 681,852.5 "," 440,765.4 "," 463,997.3 "," 483,744.1 "," 500,623.5 "," 497,602.9 "," 606,092.7 "," 701,101.5 "," 863,451.9 "," 980,327.0 "," 7,921,768.2 ",,,,,,,,,,,,,,,,,,,,,,,,,,,,,,,,,,,,,,,,,,,,,,,,,,,,,,,,,,,,,,,,,,,,,,,,,,,,,,,,,,,,,,,
,,,,,,,,,,,,,,,,,,,,,,,,,,,,,,,,,,,,,,,,,,,,,,,,,,,,,,,,,,,,,,,,,,,,,,,,,,,,,,,,,,,,,,,,,,,,,,,,,,,,,,
,,,,,,,,,,,,,,,,,,,,,,,,,,,,,,,,,,,,,,,,,,,,,,,,,,,,,,,,,,,,,,,,,,,,,,,,,,,,,,,,,,,,,,,,,,,,,,,,,,,,,,
,,Note:  Removals refers to the reported disposition to the first destination outside of Alberta. This may not be the final market.,,,,,,,,,,,,,,,,,,,,,,,,,,,,,,,,,,,,,,,,,,,,,,,,,,,,,,,,,,,,,,,,,,,,,,,,,,,,,,,,,,,,,,,,,,,,,,,,,,,,
,,,,,,,,,,,,,,,,,,,,,,,,,,,,,,,,,,,,,,,,,,,,,,,,,,,,,,,,,,,,,,,,,,,,,,,,,,,,,,,,,,,,,,,,,,,,,,,,,,,,,,
, Run Date:  04 April 2019,,,,,,,,,,,,,,Year To Date,,,,,,,,,,,,,,,,,,,,,,,,,,,,,,,,,,,,,,,,,,,,,,,,,,,,,,,,,,,,,,,,,,,,,,,,,,,,,,,,,,,,,,,
,,,Jan,Feb,Mar,Apr,May,Jun,Jul,Aug,Sep,Oct,Nov,Dec,2018,,,,,,,,,,,,,,,,,,,,,,,,,,,,,,,,,,,,,,,,,,,,,,,,,,,,,,,,,,,,,,,,,,,,,,,,,,,,,,,,,,,,,,,
,Supply,,,,,,,,,,,,,,,,,,,,,,,,,,,,,,,,,,,,,,,,,,,,,,,,,,,,,,,,,,,,,,,,,,,,,,,,,,,,,,,,,,,,,,,,,,,,,,,,,,,,,
,,Opening Inventory," 464,777.0 "," 323,520.2 "," 299,936.4 "," 358,154.1 "," 419,691.4 "," 502,464.1 "," 603,739.6 "," 774,569.2 "," 951,266.0 "," 978,153.7 "," 977,021.5 "," 909,458.2 "," 464,777.0 ",,,,,,,,,,,,,,,,,,,,,,,,,,,,,,,,,,,,,,,,,,,,,,,,,,,,,,,,,,,,,,,,,,,,,,,,,,,,,,,,,,,,,,,
,,,,,,,,,,,,,,,,,,,,,,,,,,,,,,,,,,,,,,,,,,,,,,,,,,,,,,,,,,,,,,,,,,,,,,,,,,,,,,,,,,,,,,,,,,,,,,,,,,,,,,
,,Production,,,,,,,,,,,,,,,,,,,,,,,,,,,,,,,,,,,,,,,,,,,,,,,,,,,,,,,,,,,,,,,,,,,,,,,,,,,,,,,,,,,,,,,,,,,,,,,,,,,,
,,Plant/Gathering System Process," 153,491.6 "," 126,280.4 "," 178,543.2 "," 123,456.7 "," 123,169.7 "," 132,181.5 "," 126,332.9 "," 122,689.4 "," 83,346.1 "," 84,362.3 "," 102,281.5 "," 121,004.2 "," 1,477,139.5 ",,,,,,,,,,,,,,,,,,,,,,,,,,,,,,,,,,,,,,,,,,,,,,,,,,,,,,,,,,,,,,,,,,,,,,,,,,,,,,,,,,,,,,,
,,Refinery Process," 20,582.7 "," 16,544.1 "," 19,492.6 "," 5,621.7 "," 2,287.9 "," 9,716.0 "," 18,585.9 "," 18,403.1 "," 26,558.8 "," 27,569.1 "," 23,604.5 "," 25,965.6 "," 214,932.0 ",,,,,,,,,,,,,,,,,,,,,,,,,,,,,,,,,,,,,,,,,,,,,,,,,,,,,,,,,,,,,,,,,,,,,,,,,,,,,,,,,,,,,,,
,,Fractionation Yield," 588,975.8 "," 527,832.6 "," 612,946.6 "," 583,301.6 "," 544,929.4 "," 583,161.6 "," 651,540.2 "," 689,951.1 "," 553,076.2 "," 681,489.9 "," 685,735.7 "," 722,423.2 "," 7,425,363.9 ",,,,,,,,,,,,,,,,,,,,,,,,,,,,,,,,,,,,,,,,,,,,,,,,,,,,,,,,,,,,,,,,,,,,,,,,,,,,,,,,,,,,,,,
,,Total Production," 763,050.1 "," 670,657.1 "," 810,982.4 "," 712,380.0 "," 670,387.0 "," 725,059.1 "," 796,459.0 "," 831,043.6 "," 662,981.1 "," 793,421.3 "," 811,621.7 "," 869,393.0 "," 9,117,435.4 ",,,,,,,,,,,,,,,,,,,,,,,,,,,,,,,,,,,,,,,,,,,,,,,,,,,,,,,,,,,,,,,,,,,,,,,,,,,,,,,,,,,,,,,
,,,,,,,,,,,,,,,,,,,,,,,,,,,,,,,,,,,,,,,,,,,,,,,,,,,,,,,,,,,,,,,,,,,,,,,,,,,,,,,,,,,,,,,,,,,,,,,,,,,,,,
,,Intra-Alberta Receipts," 13,030.2 "," 11,524.4 "," 12,096.8 "," 10,999.3 "," 6,737.7 "," 10,986.6 "," 12,949.4 "," 13,851.5 "," 16,834.8 "," 21,319.8 "," 29,424.7 "," 29,553.4 "," 189,308.6 ",,,,,,,,,,,,,,,,,,,,,,,,,,,,,,,,,,,,,,,,,,,,,,,,,,,,,,,,,,,,,,,,,,,,,,,,,,,,,,,,,,,,,,,
,,,,,,,,,,,,,,,,,,,,,,,,,,,,,,,,,,,,,,,,,,,,,,,,,,,,,,,,,,,,,,,,,,,,,,,,,,,,,,,,,,,,,,,,,,,,,,,,,,,,,,
,,Flare, -   , -   , (2.0), -   , -   , -   , -   , -   , -   , -   , -   , -   , (2.0),,,,,,,,,,,,,,,,,,,,,,,,,,,,,,,,,,,,,,,,,,,,,,,,,,,,,,,,,,,,,,,,,,,,,,,,,,,,,,,,,,,,,,,
,,Fuel, (26.6), -   , (28.7), (19.2), (143.8), (1.7), (0.6), (51.6), -   , (36.7), -   , -   , (308.9),,,,,,,,,,,,,,,,,,,,,,,,,,,,,,,,,,,,,,,,,,,,,,,,,,,,,,,,,,,,,,,,,,,,,,,,,,,,,,,,,,,,,,,
,,,,,,,,,,,,,,,,,,,,,,,,,,,,,,,,,,,,,,,,,,,,,,,,,,,,,,,,,,,,,,,,,,,,,,,,,,,,,,,,,,,,,,,,,,,,,,,,,,,,,,
,,Imports," 77,692.0 "," 61,171.0 "," 51,022.1 "," 24,431.8 "," 20,294.9 "," 13,631.4 "," 21,817.2 "," 27,416.6 "," 40,838.0 "," 74,365.1 "," 48,311.4 "," 63,925.5 "," 524,917.0 ",,,,,,,,,,,,,,,,,,,,,,,,,,,,,,,,,,,,,,,,,,,,,,,,,,,,,,,,,,,,,,,,,,,,,,,,,,,,,,,,,,,,,,,
,,,,,,,,,,,,,,,,,,,,,,,,,,,,,,,,,,,,,,,,,,,,,,,,,,,,,,,,,,,,,,,,,,,,,,,,,,,,,,,,,,,,,,,,,,,,,,,,,,,,,,
,,Closing Inventory," 323,520.2 "," 299,936.4 "," 358,154.1 "," 419,691.4 "," 502,464.1 "," 603,739.6 "," 774,569.2 "," 951,266.0 "," 978,153.7 "," 977,021.5 "," 909,458.2 "," 772,289.1 "," 772,289.1 ",,,,,,,,,,,,,,,,,,,,,,,,,,,,,,,,,,,,,,,,,,,,,,,,,,,,,,,,,,,,,,,,,,,,,,,,,,,,,,,,,,,,,,,
,,Adjustments," 6,435.8 "," 4,323.8 "," (1,935.5)"," 1,200.2 ", 518.1 ," 2,546.8 "," (1,594.7)", 718.9 ," 2,494.3 "," 2,462.2 "," 4,746.7 "," 4,927.1 "," 26,843.7 ",,,,,,,,,,,,,,,,,,,,,,,,,,,,,,,,,,,,,,,,,,,,,,,,,,,,,,,,,,,,,,,,,,,,,,,,,,,,,,,,,,,,,,,
,,,,,,,,,,,,,,,,,,,,,,,,,,,,,,,,,,,,,,,,,,,,,,,,,,,,,,,,,,,,,,,,,,,,,,,,,,,,,,,,,,,,,,,,,,,,,,,,,,,,,,
,,TOTAL SUPPLY," 1,001,438.3 "," 771,260.1 "," 813,917.4 "," 687,454.8 "," 615,021.2 "," 650,946.7 "," 658,800.7 "," 696,282.2 "," 696,260.5 "," 892,663.9 "," 961,667.8 "," 1,104,968.1 "," 9,550,681.7 ",,,,,,,,,,,,,,,,,,,,,,,,,,,,,,,,,,,,,,,,,,,,,,,,,,,,,,,,,,,,,,,,,,,,,,,,,,,,,,,,,,,,,,,
,,,,,,,,,,,,,,,,,,,,,,,,,,,,,,,,,,,,,,,,,,,,,,,,,,,,,,,,,,,,,,,,,,,,,,,,,,,,,,,,,,,,,,,,,,,,,,,,,,,,,,
,Disposition,,,,,,,,,,,,,,,,,,,,,,,,,,,,,,,,,,,,,,,,,,,,,,,,,,,,,,,,,,,,,,,,,,,,,,,,,,,,,,,,,,,,,,,,,,,,,,,,,,,,,
,,Alberta Injection (reported as C3-SP or Solvent) ," 25,740.8 "," 20,230.3 "," 25,713.7 "," 21,383.7 "," 14,186.9 "," 16,072.0 "," 18,301.1 "," 21,513.3 "," 23,771.5 "," 25,232.9 "," 41,884.2 "," 42,749.7 "," 296,780.1 ",,,,,,,,,,,,,,,,,,,,,,,,,,,,,,,,,,,,,,,,,,,,,,,,,,,,,,,,,,,,,,,,,,,,,,,,,,,,,,,,,,,,,,,
,,,,,,,,,,,,,,,,,,,,,,,,,,,,,,,,,,,,,,,,,,,,,,,,,,,,,,,,,,,,,,,,,,,,,,,,,,,,,,,,,,,,,,,,,,,,,,,,,,,,,,
,,Alberta Other Sales  ," 318,903.9 "," 261,570.0 "," 261,319.8 "," 226,866.7 "," 189,211.8 "," 191,939.3 "," 202,330.3 "," 235,266.2 "," 242,793.9 "," 286,071.7 "," 287,754.3 "," 345,251.9 "," 3,049,279.8 ",,,,,,,,,,,,,,,,,,,,,,,,,,,,,,,,,,,,,,,,,,,,,,,,,,,,,,,,,,,,,,,,,,,,,,,,,,,,,,,,,,,,,,,
,,,,,,,,,,,,,,,,,,,,,,,,,,,,,,,,,,,,,,,,,,,,,,,,,,,,,,,,,,,,,,,,,,,,,,,,,,,,,,,,,,,,,,,,,,,,,,,,,,,,,,
,,Other Canada Removals,,,,,,,,,,,,,,,,,,,,,,,,,,,,,,,,,,,,,,,,,,,,,,,,,,,,,,,,,,,,,,,,,,,,,,,,,,,,,,,,,,,,,,,,,,,,,,,,,,,,
,,British Columbia," 13,614.4 "," 15,521.9 "," 10,611.8 "," 6,991.4 "," 6,839.5 "," 4,520.5 "," 6,479.7 "," 7,521.8 "," 8,117.4 "," 2,809.0 "," 1,370.7 "," 3,552.5 "," 87,950.6 ",,,,,,,,,,,,,,,,,,,,,,,,,,,,,,,,,,,,,,,,,,,,,,,,,,,,,,,,,,,,,,,,,,,,,,,,,,,,,,,,,,,,,,,
,,Saskatchewan," 65,362.0 "," 53,771.0 "," 54,928.0 "," 52,231.8 "," 54,582.5 "," 60,871.0 "," 57,955.2 "," 49,347.7 "," 29,662.8 "," 85,941.3 "," 48,373.8 "," 60,450.4 "," 673,477.5 ",,,,,,,,,,,,,,,,,,,,,,,,,,,,,,,,,,,,,,,,,,,,,,,,,,,,,,,,,,,,,,,,,,,,,,,,,,,,,,,,,,,,,,,
,,Manitoba," 61,915.0 "," 47,266.0 "," 46,995.7 "," 24,489.2 "," 19,515.5 "," 15,831.1 "," 19,285.8 "," 27,593.6 "," 30,907.8 ", -   ," 39,154.1 "," 58,570.4 "," 391,524.2 ",,,,,,,,,,,,,,,,,,,,,,,,,,,,,,,,,,,,,,,,,,,,,,,,,,,,,,,,,,,,,,,,,,,,,,,,,,,,,,,,,,,,,,,
,,Ontario," 3,087.8 "," 3,691.7 "," 5,219.2 "," 10,101.4 "," 27,575.8 "," 29,665.5 "," 21,263.2 "," 13,846.3 "," 5,838.8 "," 4,006.3 "," 6,849.1 "," 3,796.6 "," 134,941.7 ",,,,,,,,,,,,,,,,,,,,,,,,,,,,,,,,,,,,,,,,,,,,,,,,,,,,,,,,,,,,,,,,,,,,,,,,,,,,,,,,,,,,,,,
,,Quebec," 9,207.5 "," 7,008.7 "," 4,205.0 "," 8,969.9 "," 6,286.1 "," 5,592.9 "," 7,643.4 "," 7,319.6 "," 8,615.0 "," 19,596.3 "," 14,426.2 "," 16,164.6 "," 115,035.2 ",,,,,,,,,,,,,,,,,,,,,,,,,,,,,,,,,,,,,,,,,,,,,,,,,,,,,,,,,,,,,,,,,,,,,,,,,,,,,,,,,,,,,,,
,,Maritimes," 2,617.6 ", 597.9 , 236.2 ," 1,147.5 "," 1,380.2 "," 3,660.2 "," 3,562.9 "," 1,598.4 "," 1,149.7 "," 2,195.0 "," 2,491.8 "," 3,083.0 "," 23,720.4 ",,,,,,,,,,,,,,,,,,,,,,,,,,,,,,,,,,,,,,,,,,,,,,,,,,,,,,,,,,,,,,,,,,,,,,,,,,,,,,,,,,,,,,,
,,NWT Yukon Nunavut, 696.9 , -   , 62.0 , 63.6 , -   , -   , -   , -   , -   , 249.7 , 124.9 , 62.8 ," 1,259.9 ",,,,,,,,,,,,,,,,,,,,,,,,,,,,,,,,,,,,,,,,,,,,,,,,,,,,,,,,,,,,,,,,,,,,,,,,,,,,,,,,,,,,,,,
,,Total Other Canada Removals," 156,501.2 "," 127,857.2 "," 122,257.9 "," 103,994.8 "," 116,179.6 "," 120,141.2 "," 116,190.2 "," 107,227.4 "," 84,291.5 "," 114,797.6 "," 112,790.6 "," 145,680.3 "," 1,427,909.5 ",,,,,,,,,,,,,,,,,,,,,,,,,,,,,,,,,,,,,,,,,,,,,,,,,,,,,,,,,,,,,,,,,,,,,,,,,,,,,,,,,,,,,,,
,,,,,,,,,,,,,,,,,,,,,,,,,,,,,,,,,,,,,,,,,,,,,,,,,,,,,,,,,,,,,,,,,,,,,,,,,,,,,,,,,,,,,,,,,,,,,,,,,,,,,,
,,USA Removals,,,,,,,,,,,,,,,,,,,,,,,,,,,,,,,,,,,,,,,,,,,,,,,,,,,,,,,,,,,,,,,,,,,,,,,,,,,,,,,,,,,,,,,,,,,,,,,,,,,,
,,       PADD 1," 97,022.4 "," 49,621.1 "," 24,444.1 "," 21,934.5 "," 19,701.4 "," 24,769.2 "," 17,574.4 "," 18,064.5 "," 16,759.1 "," 30,534.2 "," 34,568.4 "," 59,284.2 "," 414,277.5 ",,,,,,,,,,,,,,,,,,,,,,,,,,,,,,,,,,,,,,,,,,,,,,,,,,,,,,,,,,,,,,,,,,,,,,,,,,,,,,,,,,,,,,,
,,       PADD 2," 291,213.4 "," 215,795.6 "," 188,938.5 "," 174,746.4 "," 123,999.1 "," 147,922.8 "," 168,432.6 "," 150,252.4 "," 170,461.6 "," 260,256.6 "," 289,888.1 "," 316,120.8 "," 2,498,027.9 ",,,,,,,,,,,,,,,,,,,,,,,,,,,,,,,,,,,,,,,,,,,,,,,,,,,,,,,,,,,,,,,,,,,,,,,,,,,,,,,,,,,,,,,
,,       PADD 3," 21,208.4 "," 27,860.2 "," 62,599.1 "," 43,254.2 "," 46,321.1 "," 47,898.7 "," 60,334.4 "," 52,453.1 "," 54,406.4 "," 47,487.3 "," 53,806.9 "," 48,848.3 "," 566,478.1 ",,,,,,,,,,,,,,,,,,,,,,,,,,,,,,,,,,,,,,,,,,,,,,,,,,,,,,,,,,,,,,,,,,,,,,,,,,,,,,,,,,,,,,,
,,PADD 4," 27,402.7 "," 15,516.9 "," 17,116.6 "," 10,613.5 "," 6,216.3 "," 13,499.6 "," 12,064.4 "," 11,526.5 "," 14,691.0 "," 20,983.9 "," 18,746.1 "," 31,682.8 "," 200,060.3 ",,,,,,,,,,,,,,,,,,,,,,,,,,,,,,,,,,,,,,,,,,,,,,,,,,,,,,,,,,,,,,,,,,,,,,,,,,,,,,,,,,,,,,,
,,PADD 5," 63,445.5 "," 52,808.8 "," 111,527.7 "," 84,661.0 "," 99,205.0 "," 88,703.9 "," 63,573.3 "," 99,978.8 "," 89,085.5 "," 107,299.7 "," 122,229.2 "," 115,350.1 "," 1,097,868.5 ",,,,,,,,,,,,,,,,,,,,,,,,,,,,,,,,,,,,,,,,,,,,,,,,,,,,,,,,,,,,,,,,,,,,,,,,,,,,,,,,,,,,,,,
,,Total USA Removals," 500,292.4 "," 361,602.6 "," 404,626.0 "," 335,209.6 "," 295,442.9 "," 322,794.2 "," 321,979.1 "," 332,275.3 "," 345,403.6 "," 466,561.7 "," 519,238.7 "," 571,286.2 "," 4,776,712.3 ",,,,,,,,,,,,,,,,,,,,,,,,,,,,,,,,,,,,,,,,,,,,,,,,,,,,,,,,,,,,,,,,,,,,,,,,,,,,,,,,,,,,,,,
,,,,,,,,,,,,,,,,,,,,,,,,,,,,,,,,,,,,,,,,,,,,,,,,,,,,,,,,,,,,,,,,,,,,,,,,,,,,,,,,,,,,,,,,,,,,,,,,,,,,,,
,,Offshore Removals, -   , -   , -   , -   , -   , -   , -   , -   , -   , -   , -   , -   , -   ,,,,,,,,,,,,,,,,,,,,,,,,,,,,,,,,,,,,,,,,,,,,,,,,,,,,,,,,,,,,,,,,,,,,,,,,,,,,,,,,,,,,,,,
,,,,,,,,,,,,,,,,,,,,,,,,,,,,,,,,,,,,,,,,,,,,,,,,,,,,,,,,,,,,,,,,,,,,,,,,,,,,,,,,,,,,,,,,,,,,,,,,,,,,,,
,,Total Removals From Alberta," 656,793.6 "," 489,459.8 "," 526,883.9 "," 439,204.4 "," 411,622.5 "," 442,935.4 "," 438,169.3 "," 439,502.7 "," 429,695.1 "," 581,359.3 "," 632,029.3 "," 716,966.5 "," 6,204,621.8 ",,,,,,,,,,,,,,,,,,,,,,,,,,,,,,,,,,,,,,,,,,,,,,,,,,,,,,,,,,,,,,,,,,,,,,,,,,,,,,,,,,,,,,,
,,,,,,,,,,,,,,,,,,,,,,,,,,,,,,,,,,,,,,,,,,,,,,,,,,,,,,,,,,,,,,,,,,,,,,,,,,,,,,,,,,,,,,,,,,,,,,,,,,,,,,
,,Reporting Adjustment,0.0 ,0.0 ,0.0 ,0.0 ,0.0 ,0.0 ,0.0 ,0.0 ,0.0 ,0.0 ,0.0 ,0.0 , -   ,,,,,,,,,,,,,,,,,,,,,,,,,,,,,,,,,,,,,,,,,,,,,,,,,,,,,,,,,,,,,,,,,,,,,,,,,,,,,,,,,,,,,,,
,,as percent,0.00%,0.00%,0.00%,0.00%,0.00%,0.00%,0.00%,0.00%,0.00%,0.00%,0.00%,0.00%,0.00%,,,,,,,,,,,,,,,,,,,,,,,,,,,,,,,,,,,,,,,,,,,,,,,,,,,,,,,,,,,,,,,,,,,,,,,,,,,,,,,,,,,,,,,
,,,,,,,,,,,,,,,,,,,,,,,,,,,,,,,,,,,,,,,,,,,,,,,,,,,,,,,,,,,,,,,,,,,,,,,,,,,,,,,,,,,,,,,,,,,,,,,,,,,,,,
,,TOTAL DISPOSITION," 1,001,438.3 "," 771,260.1 "," 813,917.4 "," 687,454.8 "," 615,021.2 "," 650,946.7 "," 658,800.7 "," 696,282.2 "," 696,260.5 "," 892,663.9 "," 961,667.8 "," 1,104,968.1 "," 9,550,681.7 ",,,,,,,,,,,,,,,,,,,,,,,,,,,,,,,,,,,,,,,,,,,,,,,,,,,,,,,,,,,,,,,,,,,,,,,,,,,,,,,,,,,,,,,
,,,,,,,,,,,,,,,,,,,,,,,,,,,,,,,,,,,,,,,,,,,,,,,,,,,,,,,,,,,,,,,,,,,,,,,,,,,,,,,,,,,,,,,,,,,,,,,,,,,,,,
,,,,,,,,,,,,,,,,,,,,,,,,,,,,,,,,,,,,,,,,,,,,,,,,,,,,,,,,,,,,,,,,,,,,,,,,,,,,,,,,,,,,,,,,,,,,,,,,,,,,,,
,,Note:  Removals refers to the reported disposition to the first destination outside of Alberta. This may not be the final market.,,,,,,,,,,,,,,,,,,,,,,,,,,,,,,,,,,,,,,,,,,,,,,,,,,,,,,,,,,,,,,,,,,,,,,,,,,,,,,,,,,,,,,,,,,,,,,,,,,,,
,,,,,,,,,,,,,,,,,,,,,,,,,,,,,,,,,,,,,,,,,,,,,,,,,,,,,,,,,,,,,,,,,,,,,,,,,,,,,,,,,,,,,,,,,,,,,,,,,,,,,,
, Run Date:  03 April 2020,,,,,,,,,,,,,Year To Date,,,,,,,,,,,,,,,,,,,,,,,,,,,,,,,,,,,,,,,,,,,,,,,,,,,,,,,,,,,,,,,,,,,,,,,,,,,,,,,,,,,,,,,,
,,,Jan,Feb,Mar,Apr,May,Jun,Jul,Aug,Sep,Oct,Nov,Dec,2019,,,,,,,,,,,,,,,,,,,,,,,,,,,,,,,,,,,,,,,,,,,,,,,,,,,,,,,,,,,,,,,,,,,,,,,,,,,,,,,,,,,,,,,
,SUPPLY,,,,,,,,,,,,,,,,,,,,,,,,,,,,,,,,,,,,,,,,,,,,,,,,,,,,,,,,,,,,,,,,,,,,,,,,,,,,,,,,,,,,,,,,,,,,,,,,,,,,,
,,Opening Inventory," 772,459.4 "," 595,564.5 "," 419,136.4 "," 357,707.1 "," 467,285.9 "," 519,436.6 "," 589,477.1 "," 647,880.1 "," 739,039.8 "," 685,352.0 "," 666,594.1 "," 623,441.0 "," 772,459.4 ",,,,,,,,,,,,,,,,,,,,,,,,,,,,,,,,,,,,,,,,,,,,,,,,,,,,,,,,,,,,,,,,,,,,,,,,,,,,,,,,,,,,,,,
,,,,,,,,,,,,,,,,,,,,,,,,,,,,,,,,,,,,,,,,,,,,,,,,,,,,,,,,,,,,,,,,,,,,,,,,,,,,,,,,,,,,,,,,,,,,,,,,,,,,,,
,,Production,,,,,,,,,,,,,,,,,,,,,,,,,,,,,,,,,,,,,,,,,,,,,,,,,,,,,,,,,,,,,,,,,,,,,,,,,,,,,,,,,,,,,,,,,,,,,,,,,,,,
,,Plant/Gathering System Process," 131,575.0 "," 116,116.9 "," 127,294.1 "," 125,657.3 "," 114,379.6 "," 91,128.9 "," 119,344.5 "," 130,503.7 "," 130,937.6 "," 131,954.8 "," 124,975.4 "," 124,681.5 "," 1,468,549.3 ",,,,,,,,,,,,,,,,,,,,,,,,,,,,,,,,,,,,,,,,,,,,,,,,,,,,,,,,,,,,,,,,,,,,,,,,,,,,,,,,,,,,,,,
,,Refinery Process," 16,783.9 "," 15,879.2 "," 21,487.7 "," 19,408.5 "," 18,081.4 "," 18,128.2 "," 16,045.0 "," 18,703.5 "," 19,245.8 "," 20,410.9 "," 17,911.8 "," 16,904.1 "," 218,990.0 ",,,,,,,,,,,,,,,,,,,,,,,,,,,,,,,,,,,,,,,,,,,,,,,,,,,,,,,,,,,,,,,,,,,,,,,,,,,,,,,,,,,,,,,
,,Fractionation Yield," 770,575.2 "," 651,335.8 "," 734,238.3 "," 684,967.6 "," 706,255.1 "," 702,363.5 "," 678,927.3 "," 728,994.5 "," 617,358.3 "," 689,957.0 "," 692,727.2 "," 716,871.6 "," 8,374,571.4 ",,,,,,,,,,,,,,,,,,,,,,,,,,,,,,,,,,,,,,,,,,,,,,,,,,,,,,,,,,,,,,,,,,,,,,,,,,,,,,,,,,,,,,,
,,Total Production," 918,934.1 "," 783,331.9 "," 883,020.1 "," 830,033.4 "," 838,716.1 "," 811,620.6 "," 814,316.8 "," 878,201.7 "," 767,541.7 "," 842,322.7 "," 835,614.4 "," 858,457.2 "," 10,062,110.7 ",,,,,,,,,,,,,,,,,,,,,,,,,,,,,,,,,,,,,,,,,,,,,,,,,,,,,,,,,,,,,,,,,,,,,,,,,,,,,,,,,,,,,,,
,,,,,,,,,,,,,,,,,,,,,,,,,,,,,,,,,,,,,,,,,,,,,,,,,,,,,,,,,,,,,,,,,,,,,,,,,,,,,,,,,,,,,,,,,,,,,,,,,,,,,,
,,Intra-Alberta Receipts," 13,041.9 "," 10,250.5 "," 12,549.3 "," 8,784.6 "," 17,412.3 "," 16,529.4 "," 13,126.5 "," 13,927.6 "," 13,559.3 "," 13,418.7 "," 10,991.3 "," 11,099.2 "," 154,690.6 ",,,,,,,,,,,,,,,,,,,,,,,,,,,,,,,,,,,,,,,,,,,,,,,,,,,,,,,,,,,,,,,,,,,,,,,,,,,,,,,,,,,,,,,
,,,,,,,,,,,,,,,,,,,,,,,,,,,,,,,,,,,,,,,,,,,,,,,,,,,,,,,,,,,,,,,,,,,,,,,,,,,,,,,,,,,,,,,,,,,,,,,,,,,,,,
,,Flare, -   , -   , -   , -   , -   , -   , -   , -   , -   , -   , -   , -   , -   ,,,,,,,,,,,,,,,,,,,,,,,,,,,,,,,,,,,,,,,,,,,,,,,,,,,,,,,,,,,,,,,,,,,,,,,,,,,,,,,,,,,,,,,
,,Fuel, (9.0), (15.3), -   , -   , -   , (56.6), -   , (9.7), -   , (73.2), -   , (14.7), (178.5),,,,,,,,,,,,,,,,,,,,,,,,,,,,,,,,,,,,,,,,,,,,,,,,,,,,,,,,,,,,,,,,,,,,,,,,,,,,,,,,,,,,,,,
,,,,,,,,,,,,,,,,,,,,,,,,,,,,,,,,,,,,,,,,,,,,,,,,,,,,,,,,,,,,,,,,,,,,,,,,,,,,,,,,,,,,,,,,,,,,,,,,,,,,,,
,,Imports," 64,590.0 "," 42,283.2 "," 38,035.7 "," 22,135.4 "," 23,336.9 "," 14,032.1 "," 17,559.9 "," 11,942.4 "," 19,034.8 "," 45,903.8 "," 55,845.5 "," 46,376.9 "," 401,076.6 ",,,,,,,,,,,,,,,,,,,,,,,,,,,,,,,,,,,,,,,,,,,,,,,,,,,,,,,,,,,,,,,,,,,,,,,,,,,,,,,,,,,,,,,
,,,,,,,,,,,,,,,,,,,,,,,,,,,,,,,,,,,,,,,,,,,,,,,,,,,,,,,,,,,,,,,,,,,,,,,,,,,,,,,,,,,,,,,,,,,,,,,,,,,,,,
,,Closing Inventory," 595,564.5 "," 419,136.4 "," 357,707.1 "," 467,285.9 "," 519,436.6 "," 589,477.1 "," 647,880.1 "," 739,039.8 "," 685,352.0 "," 666,594.1 "," 623,441.0 "," 425,030.5 "," 425,030.5 ",,,,,,,,,,,,,,,,,,,,,,,,,,,,,,,,,,,,,,,,,,,,,,,,,,,,,,,,,,,,,,,,,,,,,,,,,,,,,,,,,,,,,,,
,,Adjustments," 2,202.2 "," 6,668.2 "," 41,780.2 "," (11,420.1)"," 4,682.6 "," 23,042.0 "," 3,562.3 "," 2,462.6 "," 5,037.2 "," 7,722.7 "," 9,183.8 "," 10,196.1 "," 105,119.8 ",,,,,,,,,,,,,,,,,,,,,,,,,,,,,,,,,,,,,,,,,,,,,,,,,,,,,,,,,,,,,,,,,,,,,,,,,,,,,,,,,,,,,,,
,,,,,,,,,,,,,,,,,,,,,,,,,,,,,,,,,,,,,,,,,,,,,,,,,,,,,,,,,,,,,,,,,,,,,,,,,,,,,,,,,,,,,,,,,,,,,,,,,,,,,,
,,TOTAL SUPPLY," 1,175,654.1 "," 1,018,946.6 "," 1,036,814.6 "," 739,954.5 "," 831,997.2 "," 795,127.0 "," 790,162.5 "," 815,364.9 "," 858,860.8 "," 928,052.6 "," 954,788.1 "," 1,124,525.2 "," 11,070,248.1 ",,,,,,,,,,,,,,,,,,,,,,,,,,,,,,,,,,,,,,,,,,,,,,,,,,,,,,,,,,,,,,,,,,,,,,,,,,,,,,,,,,,,,,,
,,,,,,,,,,,,,,,,,,,,,,,,,,,,,,,,,,,,,,,,,,,,,,,,,,,,,,,,,,,,,,,,,,,,,,,,,,,,,,,,,,,,,,,,,,,,,,,,,,,,,,
,DISPOSITION,,,,,,,,,,,,,,,,,,,,,,,,,,,,,,,,,,,,,,,,,,,,,,,,,,,,,,,,,,,,,,,,,,,,,,,,,,,,,,,,,,,,,,,,,,,,,,,,,,,,,
,,Alberta Injection (reported as C3-SP or Solvent) ," 28,424.3 "," 32,372.0 "," 27,908.2 "," 14,392.2 "," 64,959.3 "," 31,857.8 "," 58,019.3 "," 57,696.5 "," 63,177.5 "," 76,102.8 "," 46,070.2 "," 78,765.9 "," 579,746.0 ",,,,,,,,,,,,,,,,,,,,,,,,,,,,,,,,,,,,,,,,,,,,,,,,,,,,,,,,,,,,,,,,,,,,,,,,,,,,,,,,,,,,,,,
,,,,,,,,,,,,,,,,,,,,,,,,,,,,,,,,,,,,,,,,,,,,,,,,,,,,,,,,,,,,,,,,,,,,,,,,,,,,,,,,,,,,,,,,,,,,,,,,,,,,,,
,,Alberta Other Sales  ," 388,318.8 "," 360,542.3 "," 335,152.0 "," 217,932.6 "," 225,742.0 "," 245,409.3 "," 244,742.1 "," 241,484.2 "," 247,685.2 "," 236,439.8 "," 270,157.7 "," 278,959.7 "," 3,292,565.7 ",,,,,,,,,,,,,,,,,,,,,,,,,,,,,,,,,,,,,,,,,,,,,,,,,,,,,,,,,,,,,,,,,,,,,,,,,,,,,,,,,,,,,,,
,,,,,,,,,,,,,,,,,,,,,,,,,,,,,,,,,,,,,,,,,,,,,,,,,,,,,,,,,,,,,,,,,,,,,,,,,,,,,,,,,,,,,,,,,,,,,,,,,,,,,,
,,Other Canada Removals,,,,,,,,,,,,,,,,,,,,,,,,,,,,,,,,,,,,,,,,,,,,,,,,,,,,,,,,,,,,,,,,,,,,,,,,,,,,,,,,,,,,,,,,,,,,,,,,,,,,
,,British Columbia," 4,168.7 "," 4,865.9 "," 2,781.8 "," 2,447.1 "," 37,443.7 "," 15,565.3 "," 27,509.4 "," 26,471.2 "," 24,935.3 "," 39,874.8 "," 24,707.0 "," 52,652.8 "," 263,423.0 ",,,,,,,,,,,,,,,,,,,,,,,,,,,,,,,,,,,,,,,,,,,,,,,,,,,,,,,,,,,,,,,,,,,,,,,,,,,,,,,,,,,,,,,
,,Saskatchewan," 67,490.6 "," 53,807.6 "," 68,060.5 "," 60,449.4 "," 62,128.4 "," 53,022.2 "," 51,601.9 "," 65,972.4 "," 69,826.4 "," 51,955.1 "," 59,834.0 "," 51,998.7 "," 716,147.2 ",,,,,,,,,,,,,,,,,,,,,,,,,,,,,,,,,,,,,,,,,,,,,,,,,,,,,,,,,,,,,,,,,,,,,,,,,,,,,,,,,,,,,,,
,,Manitoba," 59,185.9 "," 42,968.1 "," 37,991.8 "," 22,262.0 "," 22,368.3 "," 13,879.5 "," 16,782.0 "," 11,746.8 "," 18,779.0 "," 44,926.6 "," 56,258.5 "," 47,628.2 "," 394,776.7 ",,,,,,,,,,,,,,,,,,,,,,,,,,,,,,,,,,,,,,,,,,,,,,,,,,,,,,,,,,,,,,,,,,,,,,,,,,,,,,,,,,,,,,,
,,Ontario," 6,275.7 "," 4,516.1 "," 6,848.7 "," 12,991.7 "," 13,823.0 "," 7,404.0 "," 8,542.7 "," 6,119.8 "," 11,517.3 "," 10,310.3 "," 13,233.1 "," 19,592.9 "," 121,175.3 ",,,,,,,,,,,,,,,,,,,,,,,,,,,,,,,,,,,,,,,,,,,,,,,,,,,,,,,,,,,,,,,,,,,,,,,,,,,,,,,,,,,,,,,
,,Quebec," 15,955.7 "," 13,757.7 "," 9,335.0 "," 11,723.0 "," 4,597.8 "," 6,262.5 "," 7,214.1 "," 7,103.7 "," 12,477.3 "," 15,003.7 "," 12,668.7 "," 19,028.0 "," 135,127.2 ",,,,,,,,,,,,,,,,,,,,,,,,,,,,,,,,,,,,,,,,,,,,,,,,,,,,,,,,,,,,,,,,,,,,,,,,,,,,,,,,,,,,,,,
,,Maritimes," 6,397.2 "," 2,854.1 "," 3,754.2 "," 4,150.6 "," 2,969.5 "," 2,738.3 "," 3,645.8 "," 2,738.2 "," 5,139.9 "," 6,534.3 "," 5,890.0 "," 3,665.4 "," 50,477.5 ",,,,,,,,,,,,,,,,,,,,,,,,,,,,,,,,,,,,,,,,,,,,,,,,,,,,,,,,,,,,,,,,,,,,,,,,,,,,,,,,,,,,,,,
,,NWT Yukon Nunavut, 255.3 , 306.4 , 254.9 , -   , -   , -   , -   , -   , 63.5 , 62.9 , 62.2 , 63.3 ," 1,068.5 ",,,,,,,,,,,,,,,,,,,,,,,,,,,,,,,,,,,,,,,,,,,,,,,,,,,,,,,,,,,,,,,,,,,,,,,,,,,,,,,,,,,,,,,
,,Total Other Canada Removals," 159,729.1 "," 123,075.9 "," 129,026.9 "," 114,023.8 "," 143,330.7 "," 98,871.8 "," 115,295.9 "," 120,152.1 "," 142,738.7 "," 168,667.7 "," 172,653.5 "," 194,629.3 "," 1,682,195.4 ",,,,,,,,,,,,,,,,,,,,,,,,,,,,,,,,,,,,,,,,,,,,,,,,,,,,,,,,,,,,,,,,,,,,,,,,,,,,,,,,,,,,,,,
,,,,,,,,,,,,,,,,,,,,,,,,,,,,,,,,,,,,,,,,,,,,,,,,,,,,,,,,,,,,,,,,,,,,,,,,,,,,,,,,,,,,,,,,,,,,,,,,,,,,,,
,,USA Removals,,,,,,,,,,,,,,,,,,,,,,,,,,,,,,,,,,,,,,,,,,,,,,,,,,,,,,,,,,,,,,,,,,,,,,,,,,,,,,,,,,,,,,,,,,,,,,,,,,,,
,,       PADD 1," 63,244.3 "," 44,066.6 "," 20,162.2 "," 22,947.1 "," 26,992.4 "," 30,476.7 "," 25,075.2 "," 16,601.1 "," 21,019.0 "," 28,595.2 "," 24,896.5 "," 42,516.1 "," 366,592.4 ",,,,,,,,,,,,,,,,,,,,,,,,,,,,,,,,,,,,,,,,,,,,,,,,,,,,,,,,,,,,,,,,,,,,,,,,,,,,,,,,,,,,,,,
,,       PADD 2," 314,628.3 "," 262,703.8 "," 260,705.1 "," 135,726.2 "," 159,393.4 "," 165,269.2 "," 141,981.7 "," 166,406.7 "," 182,473.4 "," 208,784.9 "," 261,403.5 "," 302,184.4 "," 2,561,660.6 ",,,,,,,,,,,,,,,,,,,,,,,,,,,,,,,,,,,,,,,,,,,,,,,,,,,,,,,,,,,,,,,,,,,,,,,,,,,,,,,,,,,,,,,
,,       PADD 3," 65,837.4 "," 52,996.8 "," 89,429.7 "," 138,244.4 "," 111,066.4 "," 100,393.9 "," 83,908.2 "," 82,073.4 "," 72,078.9 "," 58,080.5 "," 47,403.0 "," 65,382.9 "," 966,895.5 ",,,,,,,,,,,,,,,,,,,,,,,,,,,,,,,,,,,,,,,,,,,,,,,,,,,,,,,,,,,,,,,,,,,,,,,,,,,,,,,,,,,,,,,
,,PADD 4," 27,465.5 "," 26,092.6 "," 24,232.9 "," 16,568.3 "," 17,575.6 "," 17,422.3 "," 16,496.9 "," 20,079.4 "," 16,877.8 "," 21,124.0 "," 22,798.8 "," 36,529.3 "," 263,263.4 ",,,,,,,,,,,,,,,,,,,,,,,,,,,,,,,,,,,,,,,,,,,,,,,,,,,,,,,,,,,,,,,,,,,,,,,,,,,,,,,,,,,,,,,
,,PADD 5," 128,006.4 "," 117,096.6 "," 150,197.6 "," 80,119.9 "," 82,937.4 "," 105,426.0 "," 104,643.2 "," 110,871.5 "," 112,810.3 "," 130,257.7 "," 109,405.0 "," 125,557.6 "," 1,357,329.2 ",,,,,,,,,,,,,,,,,,,,,,,,,,,,,,,,,,,,,,,,,,,,,,,,,,,,,,,,,,,,,,,,,,,,,,,,,,,,,,,,,,,,,,,
,,Total USA Removals," 599,181.9 "," 502,956.4 "," 544,727.5 "," 393,605.9 "," 397,965.2 "," 418,988.1 "," 372,105.2 "," 396,032.1 "," 405,259.4 "," 446,842.3 "," 465,906.8 "," 572,170.3 "," 5,515,741.1 ",,,,,,,,,,,,,,,,,,,,,,,,,,,,,,,,,,,,,,,,,,,,,,,,,,,,,,,,,,,,,,,,,,,,,,,,,,,,,,,,,,,,,,,
,,,,,,,,,,,,,,,,,,,,,,,,,,,,,,,,,,,,,,,,,,,,,,,,,,,,,,,,,,,,,,,,,,,,,,,,,,,,,,,,,,,,,,,,,,,,,,,,,,,,,,
,,Offshore Removals, -   , -   , -   , -   , -   , -   , -   , -   , -   , -   , -   , -   , -   ,,,,,,,,,,,,,,,,,,,,,,,,,,,,,,,,,,,,,,,,,,,,,,,,,,,,,,,,,,,,,,,,,,,,,,,,,,,,,,,,,,,,,,,
,,,,,,,,,,,,,,,,,,,,,,,,,,,,,,,,,,,,,,,,,,,,,,,,,,,,,,,,,,,,,,,,,,,,,,,,,,,,,,,,,,,,,,,,,,,,,,,,,,,,,,
,,Total Removals From Alberta," 758,911.0 "," 626,032.3 "," 673,754.4 "," 507,629.7 "," 541,295.9 "," 517,859.9 "," 487,401.1 "," 516,184.2 "," 547,998.1 "," 615,510.0 "," 638,560.3 "," 766,799.6 "," 7,197,936.5 ",,,,,,,,,,,,,,,,,,,,,,,,,,,,,,,,,,,,,,,,,,,,,,,,,,,,,,,,,,,,,,,,,,,,,,,,,,,,,,,,,,,,,,,
,,,,,,,,,,,,,,,,,,,,,,,,,,,,,,,,,,,,,,,,,,,,,,,,,,,,,,,,,,,,,,,,,,,,,,,,,,,,,,,,,,,,,,,,,,,,,,,,,,,,,,
,,Reporting Adjustment,0.0 ,0.0 ,0.0 ,0.0 ,0.0 ,0.0 ,0.0 ,0.0 ,0.0 ,0.0 ,(0.1),0.0 , -   ,,,,,,,,,,,,,,,,,,,,,,,,,,,,,,,,,,,,,,,,,,,,,,,,,,,,,,,,,,,,,,,,,,,,,,,,,,,,,,,,,,,,,,,
,,as percent,0.0%,0.0%,0.0%,0.0%,0.0%,0.0%,0.0%,0.0%,0.0%,0.0%,0.0%,0.0%,0.00%,,,,,,,,,,,,,,,,,,,,,,,,,,,,,,,,,,,,,,,,,,,,,,,,,,,,,,,,,,,,,,,,,,,,,,,,,,,,,,,,,,,,,,,
,,,,,,,,,,,,,,,,,,,,,,,,,,,,,,,,,,,,,,,,,,,,,,,,,,,,,,,,,,,,,,,,,,,,,,,,,,,,,,,,,,,,,,,,,,,,,,,,,,,,,,
,,TOTAL DISPOSITION," 1,175,654.1 "," 1,018,946.6 "," 1,036,814.6 "," 739,954.5 "," 831,997.2 "," 795,127.0 "," 790,162.5 "," 815,364.9 "," 858,860.8 "," 928,052.6 "," 954,788.2 "," 1,124,525.2 "," 11,070,248.2 ",,,,,,,,,,,,,,,,,,,,,,,,,,,,,,,,,,,,,,,,,,,,,,,,,,,,,,,,,,,,,,,,,,,,,,,,,,,,,,,,,,,,,,,
,,,,,,,,,,,,,,,,,,,,,,,,,,,,,,,,,,,,,,,,,,,,,,,,,,,,,,,,,,,,,,,,,,,,,,,,,,,,,,,,,,,,,,,,,,,,,,,,,,,,,,
,,,,,,,,,,,,,,,,,,,,,,,,,,,,,,,,,,,,,,,,,,,,,,,,,,,,,,,,,,,,,,,,,,,,,,,,,,,,,,,,,,,,,,,,,,,,,,,,,,,,,,
,,"Please be advised due to reporting changes in PETRINEX, certain volumes in the reporting are estimated. These impact:",,,,,,,,,,,,,,,,,,,,,,,,,,,,,,,,,,,,,,,,,,,,,,,,,,,,,,,,,,,,,,,,,,,,,,,,,,,,,,,,,,,,,,,,,,,,,,,,,,,,
,, 1.Removals to Saskatchewan and small volumes in the Adjustments line.,,,,,,,,,,,,,,,,,,,,,,,,,,,,,,,,,,,,,,,,,,,,,,,,,,,,,,,,,,,,,,,,,,,,,,,,,,,,,,,,,,,,,,,,,,,,,,,,,,,,
,, 2.  British Columbia removals volumes.,,,,,,,,,,,,,,,,,,,,,,,,,,,,,,,,,,,,,,,,,,,,,,,,,,,,,,,,,,,,,,,,,,,,,,,,,,,,,,,,,,,,,,,,,,,,,,,,,,,,
,, 3.  Alberta demand volumes.,,,,,,,,,,,,,,,,,,,,,,,,,,,,,,,,,,,,,,,,,,,,,,,,,,,,,,,,,,,,,,,,,,,,,,,,,,,,,,,,,,,,,,,,,,,,,,,,,,,,
,,,,,,,,,,,,,,,,,,,,,,,,,,,,,,,,,,,,,,,,,,,,,,,,,,,,,,,,,,,,,,,,,,,,,,,,,,,,,,,,,,,,,,,,,,,,,,,,,,,,,,
, Run Date:  31 March 2021,,,,,,,,,,,,,Year To Date,,,,,,,,,,,,,,,,,,,,,,,,,,,,,,,,,,,,,,,,,,,,,,,,,,,,,,,,,,,,,,,,,,,,,,,,,,,,,,,,,,,,,,,,
,,,Jan,Feb,Mar,Apr,May,Jun,Jul,Aug,Sep,Oct,Nov,Dec,2020,,,,,,,,,,,,,,,,,,,,,,,,,,,,,,,,,,,,,,,,,,,,,,,,,,,,,,,,,,,,,,,,,,,,,,,,,,,,,,,,,,,,,,,
,SUPPLY,,,,,,,,,,,,,,,,,,,,,,,,,,,,,,,,,,,,,,,,,,,,,,,,,,,,,,,,,,,,,,,,,,,,,,,,,,,,,,,,,,,,,,,,,,,,,,,,,,,,,
,,Opening Inventory," 425,030.5 "," 300,562.3 "," 306,038.4 "," 304,718.6 "," 410,404.2 "," 524,097.9 "," 708,562.4 "," 912,399.9 "," 1,039,741.2 "," 995,316.4 "," 946,627.9 "," 867,949.2 "," 425,030.5 ",,,,,,,,,,,,,,,,,,,,,,,,,,,,,,,,,,,,,,,,,,,,,,,,,,,,,,,,,,,,,,,,,,,,,,,,,,,,,,,,,,,,,,,
,,,,,,,,,,,,,,,,,,,,,,,,,,,,,,,,,,,,,,,,,,,,,,,,,,,,,,,,,,,,,,,,,,,,,,,,,,,,,,,,,,,,,,,,,,,,,,,,,,,,,,
,,Production,,,,,,,,,,,,,,,,,,,,,,,,,,,,,,,,,,,,,,,,,,,,,,,,,,,,,,,,,,,,,,,,,,,,,,,,,,,,,,,,,,,,,,,,,,,,,,,,,,,,
,,Plant/Gathering System Process," 123,354.9 "," 115,012.5 "," 130,231.8 "," 125,501.3 "," 123,672.8 "," 122,634.4 "," 124,908.0 "," 116,794.7 "," 115,326.4 "," 127,364.0 "," 104,566.9 "," 131,937.0 "," 1,461,304.7 ",,,,,,,,,,,,,,,,,,,,,,,,,,,,,,,,,,,,,,,,,,,,,,,,,,,,,,,,,,,,,,,,,,,,,,,,,,,,,,,,,,,,,,,
,,Refinery Process," 19,207.4 "," 17,418.7 "," 19,978.2 "," 17,814.8 "," 23,722.7 "," 21,224.4 "," 26,014.9 "," 21,499.1 "," 13,857.7 "," 15,285.0 "," 21,647.8 "," 24,222.9 "," 241,893.6 ",,,,,,,,,,,,,,,,,,,,,,,,,,,,,,,,,,,,,,,,,,,,,,,,,,,,,,,,,,,,,,,,,,,,,,,,,,,,,,,,,,,,,,,
,,Fractionation Yield," 651,453.0 "," 719,779.3 "," 713,870.0 "," 612,365.4 "," 576,982.1 "," 650,043.1 "," 692,469.3 "," 597,955.2 "," 581,437.8 "," 678,718.2 "," 668,322.0 "," 681,340.2 "," 7,824,735.6 ",,,,,,,,,,,,,,,,,,,,,,,,,,,,,,,,,,,,,,,,,,,,,,,,,,,,,,,,,,,,,,,,,,,,,,,,,,,,,,,,,,,,,,,
,,Total Production," 794,015.3 "," 852,210.5 "," 864,080.0 "," 755,681.5 "," 724,377.6 "," 793,901.9 "," 843,392.2 "," 736,249.0 "," 710,621.9 "," 821,367.2 "," 794,536.7 "," 837,500.1 "," 9,527,933.9 ",,,,,,,,,,,,,,,,,,,,,,,,,,,,,,,,,,,,,,,,,,,,,,,,,,,,,,,,,,,,,,,,,,,,,,,,,,,,,,,,,,,,,,,
,,,,,,,,,,,,,,,,,,,,,,,,,,,,,,,,,,,,,,,,,,,,,,,,,,,,,,,,,,,,,,,,,,,,,,,,,,,,,,,,,,,,,,,,,,,,,,,,,,,,,,
,,Intra-Alberta Receipts," 7,222.6 "," 7,046.9 "," 6,561.4 "," 6,071.3 "," 6,180.1 "," 6,998.7 "," 9,597.5 "," 8,617.9 "," 8,370.0 "," 9,361.1 "," 8,166.5 "," 7,186.5 "," 91,380.5 ",,,,,,,,,,,,,,,,,,,,,,,,,,,,,,,,,,,,,,,,,,,,,,,,,,,,,,,,,,,,,,,,,,,,,,,,,,,,,,,,,,,,,,,
,,,,,,,,,,,,,,,,,,,,,,,,,,,,,,,,,,,,,,,,,,,,,,,,,,,,,,,,,,,,,,,,,,,,,,,,,,,,,,,,,,,,,,,,,,,,,,,,,,,,,,
,,Flare, -   , -   , -   , -   , -   , -   , -   , -   , -   , -   , -   , -   , -   ,,,,,,,,,,,,,,,,,,,,,,,,,,,,,,,,,,,,,,,,,,,,,,,,,,,,,,,,,,,,,,,,,,,,,,,,,,,,,,,,,,,,,,,
,,Fuel, -   , -   , -   , -   , -   , -   , -   , (141.4), -   , (9.9), (18.9), (3.3), (173.5),,,,,,,,,,,,,,,,,,,,,,,,,,,,,,,,,,,,,,,,,,,,,,,,,,,,,,,,,,,,,,,,,,,,,,,,,,,,,,,,,,,,,,,
,,,,,,,,,,,,,,,,,,,,,,,,,,,,,,,,,,,,,,,,,,,,,,,,,,,,,,,,,,,,,,,,,,,,,,,,,,,,,,,,,,,,,,,,,,,,,,,,,,,,,,
,,Imports," 50,645.8 "," 40,570.0 "," 37,660.5 "," 1,287.3 ", 753.1 , 451.4 , 146.9 , 989.3 ," 7,337.3 "," 37,038.9 "," 43,345.8 "," 51,065.3 "," 271,291.6 ",,,,,,,,,,,,,,,,,,,,,,,,,,,,,,,,,,,,,,,,,,,,,,,,,,,,,,,,,,,,,,,,,,,,,,,,,,,,,,,,,,,,,,,
,,,,,,,,,,,,,,,,,,,,,,,,,,,,,,,,,,,,,,,,,,,,,,,,,,,,,,,,,,,,,,,,,,,,,,,,,,,,,,,,,,,,,,,,,,,,,,,,,,,,,,
,,Closing Inventory," 300,562.3 "," 306,038.4 "," 304,718.6 "," 410,404.2 "," 524,097.9 "," 708,562.4 "," 912,399.9 "," 1,039,741.2 "," 995,316.4 "," 946,627.9 "," 867,949.2 "," 684,783.3 "," 684,783.3 ",,,,,,,,,,,,,,,,,,,,,,,,,,,,,,,,,,,,,,,,,,,,,,,,,,,,,,,,,,,,,,,,,,,,,,,,,,,,,,,,,,,,,,,
,,Adjustments," 52,241.1 "," 8,702.7 "," 7,210.7 "," 2,191.4 "," 26,670.4 ", (815.5)," 9,800.7 "," 6,145.5 "," (12,988.9)"," 12,792.7 "," 11,600.1 "," 9,831.0 "," 133,381.9 ",,,,,,,,,,,,,,,,,,,,,,,,,,,,,,,,,,,,,,,,,,,,,,,,,,,,,,,,,,,,,,,,,,,,,,,,,,,,,,,,,,,,,,,
,,,,,,,,,,,,,,,,,,,,,,,,,,,,,,,,,,,,,,,,,,,,,,,,,,,,,,,,,,,,,,,,,,,,,,,,,,,,,,,,,,,,,,,,,,,,,,,,,,,,,,
,,TOTAL SUPPLY," 1,028,593.0 "," 903,054.0 "," 916,832.4 "," 659,545.9 "," 644,287.5 "," 616,072.0 "," 659,099.8 "," 624,519.0 "," 757,765.1 "," 929,238.5 "," 936,308.9 "," 1,088,745.5 "," 9,764,061.6 ",,,,,,,,,,,,,,,,,,,,,,,,,,,,,,,,,,,,,,,,,,,,,,,,,,,,,,,,,,,,,,,,,,,,,,,,,,,,,,,,,,,,,,,
,,,,,,,,,,,,,,,,,,,,,,,,,,,,,,,,,,,,,,,,,,,,,,,,,,,,,,,,,,,,,,,,,,,,,,,,,,,,,,,,,,,,,,,,,,,,,,,,,,,,,,
,DISPOSITION,,,,,,,,,,,,,,,,,,,,,,,,,,,,,,,,,,,,,,,,,,,,,,,,,,,,,,,,,,,,,,,,,,,,,,,,,,,,,,,,,,,,,,,,,,,,,,,,,,,,,
,,Alberta Injection (reported as C3-SP or Solvent) ," 71,824.0 "," 49,204.9 "," 45,760.8 "," 10,572.5 "," 16,101.9 "," 20,053.3 "," 24,481.2 "," 24,328.8 "," 42,542.8 "," 28,247.3 "," 31,946.7 "," 33,223.8 "," 398,288.0 ",,,,,,,,,,,,,,,,,,,,,,,,,,,,,,,,,,,,,,,,,,,,,,,,,,,,,,,,,,,,,,,,,,,,,,,,,,,,,,,,,,,,,,,
,,,,,,,,,,,,,,,,,,,,,,,,,,,,,,,,,,,,,,,,,,,,,,,,,,,,,,,,,,,,,,,,,,,,,,,,,,,,,,,,,,,,,,,,,,,,,,,,,,,,,,
,,Alberta Other Sales  ," 302,263.1 "," 251,715.5 "," 292,991.5 "," 196,669.6 "," 175,411.8 "," 179,585.5 "," 179,107.8 "," 138,315.3 "," 188,735.2 "," 258,572.1 "," 264,998.3 "," 328,291.4 "," 2,756,657.1 ",,,,,,,,,,,,,,,,,,,,,,,,,,,,,,,,,,,,,,,,,,,,,,,,,,,,,,,,,,,,,,,,,,,,,,,,,,,,,,,,,,,,,,,
,,,,,,,,,,,,,,,,,,,,,,,,,,,,,,,,,,,,,,,,,,,,,,,,,,,,,,,,,,,,,,,,,,,,,,,,,,,,,,,,,,,,,,,,,,,,,,,,,,,,,,
,,Other Canada Removals,,,,,,,,,,,,,,,,,,,,,,,,,,,,,,,,,,,,,,,,,,,,,,,,,,,,,,,,,,,,,,,,,,,,,,,,,,,,,,,,,,,,,,,,,,,,,,,,,,,,
,,British Columbia," 10,065.8 "," 26,743.0 "," 44,663.0 "," 37,067.1 "," 38,101.3 "," 37,143.3 "," 50,841.2 "," 54,644.7 "," 41,475.8 "," 22,422.7 "," 38,822.7 "," 25,853.0 "," 427,843.6 ",,,,,,,,,,,,,,,,,,,,,,,,,,,,,,,,,,,,,,,,,,,,,,,,,,,,,,,,,,,,,,,,,,,,,,,,,,,,,,,,,,,,,,,
,,Saskatchewan," 60,686.7 "," 55,726.4 "," 67,746.6 "," 67,073.6 "," 69,035.4 "," 65,229.9 "," 65,899.0 "," 66,062.5 "," 59,967.4 "," 64,331.4 "," 43,384.6 "," 58,307.3 "," 743,450.8 ",,,,,,,,,,,,,,,,,,,,,,,,,,,,,,,,,,,,,,,,,,,,,,,,,,,,,,,,,,,,,,,,,,,,,,,,,,,,,,,,,,,,,,,
,,Manitoba," 53,128.3 "," 41,481.1 "," 38,579.4 "," 1,635.7 ", 633.4 , 330.1 , 159.0 ," 1,011.0 "," 7,168.6 "," 36,551.5 "," 46,983.4 "," 50,680.6 "," 278,342.1 ",,,,,,,,,,,,,,,,,,,,,,,,,,,,,,,,,,,,,,,,,,,,,,,,,,,,,,,,,,,,,,,,,,,,,,,,,,,,,,,,,,,,,,,
,,Ontario," 16,129.9 "," 7,456.8 "," 15,380.4 "," 39,860.4 "," 44,540.3 "," 31,964.7 "," 36,895.7 "," 44,549.3 "," 12,476.6 "," 18,945.4 "," 13,950.3 "," 17,359.3 "," 299,509.1 ",,,,,,,,,,,,,,,,,,,,,,,,,,,,,,,,,,,,,,,,,,,,,,,,,,,,,,,,,,,,,,,,,,,,,,,,,,,,,,,,,,,,,,,
,,Quebec," 10,305.3 "," 9,649.5 "," 8,258.3 "," 11,391.0 "," 24,648.7 "," 20,936.7 "," 12,372.5 "," 14,197.2 "," 25,650.6 "," 40,910.6 "," 29,260.2 "," 21,673.0 "," 229,253.6 ",,,,,,,,,,,,,,,,,,,,,,,,,,,,,,,,,,,,,,,,,,,,,,,,,,,,,,,,,,,,,,,,,,,,,,,,,,,,,,,,,,,,,,,
,,Maritimes," 3,198.0 "," 2,721.2 "," 7,088.9 "," 3,113.1 "," 2,966.6 "," 4,205.7 "," 4,200.3 "," 5,141.8 "," 6,847.1 "," 5,038.7 "," 2,137.0 "," 4,034.2 "," 50,692.6 ",,,,,,,,,,,,,,,,,,,,,,,,,,,,,,,,,,,,,,,,,,,,,,,,,,,,,,,,,,,,,,,,,,,,,,,,,,,,,,,,,,,,,,,
,,NWT Yukon Nunavut, 247.5 , 127.0 , 321.1 , -   , -   , -   , -   , 61.5 , -   , 60.0 , -   , -   , 817.1 ,,,,,,,,,,,,,,,,,,,,,,,,,,,,,,,,,,,,,,,,,,,,,,,,,,,,,,,,,,,,,,,,,,,,,,,,,,,,,,,,,,,,,,,
,,Total Other Canada Removals," 153,761.5 "," 143,905.0 "," 182,037.7 "," 160,140.9 "," 179,925.7 "," 159,810.4 "," 170,367.7 "," 185,668.0 "," 153,586.1 "," 188,260.3 "," 174,538.2 "," 177,907.4 "," 2,029,908.9 ",,,,,,,,,,,,,,,,,,,,,,,,,,,,,,,,,,,,,,,,,,,,,,,,,,,,,,,,,,,,,,,,,,,,,,,,,,,,,,,,,,,,,,,
,,,,,,,,,,,,,,,,,,,,,,,,,,,,,,,,,,,,,,,,,,,,,,,,,,,,,,,,,,,,,,,,,,,,,,,,,,,,,,,,,,,,,,,,,,,,,,,,,,,,,,
,,USA Removals,,,,,,,,,,,,,,,,,,,,,,,,,,,,,,,,,,,,,,,,,,,,,,,,,,,,,,,,,,,,,,,,,,,,,,,,,,,,,,,,,,,,,,,,,,,,,,,,,,,,
,,     PADD 1," 29,716.2 "," 26,118.7 "," 106,443.3 "," 21,811.1 "," 44,478.6 "," 18,898.1 "," 21,020.0 "," 14,205.9 "," 14,210.0 "," 42,387.8 "," 23,634.2 "," 27,739.4 "," 390,663.3 ",,,,,,,,,,,,,,,,,,,,,,,,,,,,,,,,,,,,,,,,,,,,,,,,,,,,,,,,,,,,,,,,,,,,,,,,,,,,,,,,,,,,,,,
,,     PADD 2," 251,101.2 "," 215,958.0 "," 160,732.1 "," 96,366.2 "," 102,556.8 "," 111,725.8 "," 121,274.2 "," 87,913.4 "," 147,439.6 "," 223,926.5 "," 231,934.0 "," 292,502.3 "," 2,043,430.1 ",,,,,,,,,,,,,,,,,,,,,,,,,,,,,,,,,,,,,,,,,,,,,,,,,,,,,,,,,,,,,,,,,,,,,,,,,,,,,,,,,,,,,,,
,,     PADD 3," 56,450.7 "," 53,540.9 "," 54,545.6 "," 48,921.6 "," 22,974.9 "," 32,529.8 "," 34,719.5 "," 46,603.0 "," 72,444.7 "," 43,659.3 "," 59,758.2 "," 69,896.8 "," 596,045.0 ",,,,,,,,,,,,,,,,,,,,,,,,,,,,,,,,,,,,,,,,,,,,,,,,,,,,,,,,,,,,,,,,,,,,,,,,,,,,,,,,,,,,,,,
,,PADD 4," 32,943.4 "," 20,561.4 "," 18,403.9 "," 9,620.4 "," 14,985.2 "," 11,771.8 "," 15,819.4 "," 15,058.6 "," 14,459.6 "," 11,338.1 "," 13,026.6 "," 19,317.7 "," 197,306.1 ",,,,,,,,,,,,,,,,,,,,,,,,,,,,,,,,,,,,,,,,,,,,,,,,,,,,,,,,,,,,,,,,,,,,,,,,,,,,,,,,,,,,,,,
,,PADD 5," 130,532.9 "," 142,049.6 "," 55,917.5 "," 115,443.6 "," 87,852.6 "," 81,697.3 "," 92,310.0 "," 112,426.0 "," 124,347.1 "," 132,847.1 "," 136,472.7 "," 139,866.7 "," 1,351,763.1 ",,,,,,,,,,,,,,,,,,,,,,,,,,,,,,,,,,,,,,,,,,,,,,,,,,,,,,,,,,,,,,,,,,,,,,,,,,,,,,,,,,,,,,,
,,Total USA Removals," 500,744.4 "," 458,228.6 "," 396,042.4 "," 292,162.9 "," 272,848.1 "," 256,622.8 "," 285,143.1 "," 276,206.9 "," 372,901.0 "," 454,158.8 "," 464,825.7 "," 549,322.9 "," 4,579,207.6 ",,,,,,,,,,,,,,,,,,,,,,,,,,,,,,,,,,,,,,,,,,,,,,,,,,,,,,,,,,,,,,,,,,,,,,,,,,,,,,,,,,,,,,,
,,,,,,,,,,,,,,,,,,,,,,,,,,,,,,,,,,,,,,,,,,,,,,,,,,,,,,,,,,,,,,,,,,,,,,,,,,,,,,,,,,,,,,,,,,,,,,,,,,,,,,
,,Offshore Removals, -   , -   , -   , -   , -   , -   , -   , -   , -   , -   , -   , -   , -   ,,,,,,,,,,,,,,,,,,,,,,,,,,,,,,,,,,,,,,,,,,,,,,,,,,,,,,,,,,,,,,,,,,,,,,,,,,,,,,,,,,,,,,,
,,,,,,,,,,,,,,,,,,,,,,,,,,,,,,,,,,,,,,,,,,,,,,,,,,,,,,,,,,,,,,,,,,,,,,,,,,,,,,,,,,,,,,,,,,,,,,,,,,,,,,
,,Total Removals From Alberta," 654,505.9 "," 602,133.6 "," 578,080.1 "," 452,303.8 "," 452,773.8 "," 416,433.2 "," 455,510.8 "," 461,874.9 "," 526,487.1 "," 642,419.1 "," 639,363.9 "," 727,230.3 "," 6,609,116.5 ",,,,,,,,,,,,,,,,,,,,,,,,,,,,,,,,,,,,,,,,,,,,,,,,,,,,,,,,,,,,,,,,,,,,,,,,,,,,,,,,,,,,,,,
,,,,,,,,,,,,,,,,,,,,,,,,,,,,,,,,,,,,,,,,,,,,,,,,,,,,,,,,,,,,,,,,,,,,,,,,,,,,,,,,,,,,,,,,,,,,,,,,,,,,,,
,,Reporting Adjustment,0.0 ,0.0 ,0.0 ,0.0 ,0.0 ,0.0 ,0.0 ,0.0 ,0.0 ,0.0 ,0.0 ,0.0 , -   ,,,,,,,,,,,,,,,,,,,,,,,,,,,,,,,,,,,,,,,,,,,,,,,,,,,,,,,,,,,,,,,,,,,,,,,,,,,,,,,,,,,,,,,
,,as percent,0.0%,0.0%,0.0%,0.0%,0.0%,0.0%,0.0%,0.0%,0.0%,0.0%,0.0%,0.0%,0.0%,,,,,,,,,,,,,,,,,,,,,,,,,,,,,,,,,,,,,,,,,,,,,,,,,,,,,,,,,,,,,,,,,,,,,,,,,,,,,,,,,,,,,,,
,,,,,,,,,,,,,,,,,,,,,,,,,,,,,,,,,,,,,,,,,,,,,,,,,,,,,,,,,,,,,,,,,,,,,,,,,,,,,,,,,,,,,,,,,,,,,,,,,,,,,,
,,TOTAL DISPOSITION," 1,028,593.0 "," 903,054.0 "," 916,832.4 "," 659,545.9 "," 644,287.5 "," 616,072.0 "," 659,099.8 "," 624,519.0 "," 757,765.1 "," 929,238.5 "," 936,308.9 "," 1,088,745.5 "," 9,764,061.6 ",,,,,,,,,,,,,,,,,,,,,,,,,,,,,,,,,,,,,,,,,,,,,,,,,,,,,,,,,,,,,,,,,,,,,,,,,,,,,,,,,,,,,,,
,,,,,,,,,,,,,,,,,,,,,,,,,,,,,,,,,,,,,,,,,,,,,,,,,,,,,,,,,,,,,,,,,,,,,,,,,,,,,,,,,,,,,,,,,,,,,,,,,,,,,,
,,,,,,,,,,,,,,,,,,,,,,,,,,,,,,,,,,,,,,,,,,,,,,,,,,,,,,,,,,,,,,,,,,,,,,,,,,,,,,,,,,,,,,,,,,,,,,,,,,,,,,
,,,,,,,,,,,,,,,,,,,,,,,,,,,,,,,,,,,,,,,,,,,,,,,,,,,,,,,,,,,,,,,,,,,,,,,,,,,,,,,,,,,,,,,,,,,,,,,,,,,,,,
,,"Please be advised due to reporting changes in PETRINEX, certain volumes in the reporting are estimated. These impact:",,,,,,,,,,,,,,,,,,,,,,,,,,,,,,,,,,,,,,,,,,,,,,,,,,,,,,,,,,,,,,,,,,,,,,,,,,,,,,,,,,,,,,,,,,,,,,,,,,,,
,, 1.  Removals to Saskatchewan and small volumes in the Adjustments line.,,,,,,,,,,,,,,,,,,,,,,,,,,,,,,,,,,,,,,,,,,,,,,,,,,,,,,,,,,,,,,,,,,,,,,,,,,,,,,,,,,,,,,,,,,,,,,,,,,,,
,,,,,,,,,,,,,,,,,,,,,,,,,,,,,,,,,,,,,,,,,,,,,,,,,,,,,,,,,,,,,,,,,,,,,,,,,,,,,,,,,,,,,,,,,,,,,,,,,,,,,,
, Run Date:  12 April 2022,,,,,,,,,,,,,Year To Date,,,,,,,,,,,,,,,,,,,,,,,,,,,,,,,,,,,,,,,,,,,,,,,,,,,,,,,,,,,,,,,,,,,,,,,,,,,,,,,,,,,,,,,,
,,,Jan,Feb,Mar,Apr,May,Jun,Jul,Aug,Sep,Oct,Nov,Dec,2021,,,,,,,,,,,,,,,,,,,,,,,,,,,,,,,,,,,,,,,,,,,,,,,,,,,,,,,,,,,,,,,,,,,,,,,,,,,,,,,,,,,,,,,
,SUPPLY,,,,,,,,,,,,,,,,,,,,,,,,,,,,,,,,,,,,,,,,,,,,,,,,,,,,,,,,,,,,,,,,,,,,,,,,,,,,,,,,,,,,,,,,,,,,,,,,,,,,,
,,Opening Inventory," 684,783.3 "," 526,346.5 "," 321,245.1 "," 217,592.7 "," 267,828.6 "," 333,484.4 "," 408,379.6 "," 548,994.1 "," 694,995.3 "," 760,191.5 "," 734,282.6 "," 686,903.0 "," 684,783.3 ",,,,,,,,,,,,,,,,,,,,,,,,,,,,,,,,,,,,,,,,,,,,,,,,,,,,,,,,,,,,,,,,,,,,,,,,,,,,,,,,,,,,,,,
,,,,,,,,,,,,,,,,,,,,,,,,,,,,,,,,,,,,,,,,,,,,,,,,,,,,,,,,,,,,,,,,,,,,,,,,,,,,,,,,,,,,,,,,,,,,,,,,,,,,,,
,,Production,,,,,,,,,,,,,,,,,,,,,,,,,,,,,,,,,,,,,,,,,,,,,,,,,,,,,,,,,,,,,,,,,,,,,,,,,,,,,,,,,,,,,,,,,,,,,,,,,,,,
,,Plant/Gathering System Process," 177,404.9 "," 152,436.1 "," 161,750.8 "," 153,243.3 "," 162,498.7 "," 176,942.2 "," 203,987.6 "," 195,636.7 "," 163,222.5 "," 196,353.9 "," 178,390.8 "," 203,143.7 "," 2,125,011.2 ",,,,,,,,,,,,,,,,,,,,,,,,,,,,,,,,,,,,,,,,,,,,,,,,,,,,,,,,,,,,,,,,,,,,,,,,,,,,,,,,,,,,,,,
,,Refinery Process," 22,235.7 "," 19,180.5 "," 21,870.7 "," 15,480.4 "," 13,117.3 "," 20,798.6 "," 22,345.1 "," 20,760.1 "," 16,321.0 "," 17,126.6 "," 26,466.2 "," 25,052.8 "," 240,755.0 ",,,,,,,,,,,,,,,,,,,,,,,,,,,,,,,,,,,,,,,,,,,,,,,,,,,,,,,,,,,,,,,,,,,,,,,,,,,,,,,,,,,,,,,
,,Fractionation Yield," 745,460.8 "," 661,678.1 "," 740,759.1 "," 653,577.6 "," 671,597.2 "," 610,729.7 "," 711,205.4 "," 660,241.0 "," 600,300.7 "," 673,342.3 "," 707,509.0 "," 743,952.3 "," 8,180,353.2 ",,,,,,,,,,,,,,,,,,,,,,,,,,,,,,,,,,,,,,,,,,,,,,,,,,,,,,,,,,,,,,,,,,,,,,,,,,,,,,,,,,,,,,,
,,Total Production," 945,101.4 "," 833,294.7 "," 924,380.6 "," 822,301.3 "," 847,213.2 "," 808,470.5 "," 937,538.1 "," 876,637.8 "," 779,844.2 "," 886,822.8 "," 912,366.0 "," 972,148.8 "," 10,546,119.4 ",,,,,,,,,,,,,,,,,,,,,,,,,,,,,,,,,,,,,,,,,,,,,,,,,,,,,,,,,,,,,,,,,,,,,,,,,,,,,,,,,,,,,,,
,,,,,,,,,,,,,,,,,,,,,,,,,,,,,,,,,,,,,,,,,,,,,,,,,,,,,,,,,,,,,,,,,,,,,,,,,,,,,,,,,,,,,,,,,,,,,,,,,,,,,,
,,Intra-Alberta Receipts," 3,855.2 "," 4,333.7 "," 2,844.1 "," 2,840.9 "," 1,449.8 "," 1,572.1 "," 7,275.0 "," 6,105.7 "," 3,855.7 "," 3,871.8 "," 3,153.9 ", 567.0 ," 41,724.9 ",,,,,,,,,,,,,,,,,,,,,,,,,,,,,,,,,,,,,,,,,,,,,,,,,,,,,,,,,,,,,,,,,,,,,,,,,,,,,,,,,,,,,,,
,,,,,,,,,,,,,,,,,,,,,,,,,,,,,,,,,,,,,,,,,,,,,,,,,,,,,,,,,,,,,,,,,,,,,,,,,,,,,,,,,,,,,,,,,,,,,,,,,,,,,,
,,Flare, -   , -   , -   , -   , -   , -   , -   , -   , -   , -   , -   , -   , -   ,,,,,,,,,,,,,,,,,,,,,,,,,,,,,,,,,,,,,,,,,,,,,,,,,,,,,,,,,,,,,,,,,,,,,,,,,,,,,,,,,,,,,,,
,,Fuel, -   , -   , -   , -   , -   , -   , -   , -   , -   , -   , -   , -   , -   ,,,,,,,,,,,,,,,,,,,,,,,,,,,,,,,,,,,,,,,,,,,,,,,,,,,,,,,,,,,,,,,,,,,,,,,,,,,,,,,,,,,,,,,
,,,,,,,,,,,,,,,,,,,,,,,,,,,,,,,,,,,,,,,,,,,,,,,,,,,,,,,,,,,,,,,,,,,,,,,,,,,,,,,,,,,,,,,,,,,,,,,,,,,,,,
,,Imports," 59,858.1 "," 55,297.9 "," 45,719.1 "," 16,881.0 "," 18,513.5 "," 5,729.8 "," 13,105.4 "," 20,991.6 "," 24,092.1 "," 41,429.2 "," 45,840.6 "," 46,448.6 "," 393,906.9 ",,,,,,,,,,,,,,,,,,,,,,,,,,,,,,,,,,,,,,,,,,,,,,,,,,,,,,,,,,,,,,,,,,,,,,,,,,,,,,,,,,,,,,,
,,,,,,,,,,,,,,,,,,,,,,,,,,,,,,,,,,,,,,,,,,,,,,,,,,,,,,,,,,,,,,,,,,,,,,,,,,,,,,,,,,,,,,,,,,,,,,,,,,,,,,
,,Closing Inventory," 526,346.5 "," 321,245.1 "," 217,592.7 "," 267,828.6 "," 333,484.4 "," 408,379.6 "," 548,994.1 "," 694,995.3 "," 760,191.5 "," 734,282.6 "," 686,903.0 "," 613,628.6 "," 613,628.6 ",,,,,,,,,,,,,,,,,,,,,,,,,,,,,,,,,,,,,,,,,,,,,,,,,,,,,,,,,,,,,,,,,,,,,,,,,,,,,,,,,,,,,,,
,,Adjustments," 19,272.8 "," 8,356.4 "," 12,913.4 "," 8,805.7 "," 10,092.8 "," 8,944.4 "," 9,642.6 "," 7,414.0 "," 12,616.3 "," 19,897.1 "," 17,935.5 "," 13,106.2 "," 148,997.2 ",,,,,,,,,,,,,,,,,,,,,,,,,,,,,,,,,,,,,,,,,,,,,,,,,,,,,,,,,,,,,,,,,,,,,,,,,,,,,,,,,,,,,,,
,,,,,,,,,,,,,,,,,,,,,,,,,,,,,,,,,,,,,,,,,,,,,,,,,,,,,,,,,,,,,,,,,,,,,,,,,,,,,,,,,,,,,,,,,,,,,,,,,,,,,,
,,TOTAL SUPPLY," 1,186,524.3 "," 1,106,384.1 "," 1,089,509.6 "," 800,593.0 "," 811,613.5 "," 749,821.6 "," 826,946.6 "," 765,147.9 "," 755,212.1 "," 977,929.8 "," 1,026,675.6 "," 1,105,545.0 "," 11,201,903.1 ",,,,,,,,,,,,,,,,,,,,,,,,,,,,,,,,,,,,,,,,,,,,,,,,,,,,,,,,,,,,,,,,,,,,,,,,,,,,,,,,,,,,,,,
,,,,,,,,,,,,,,,,,,,,,,,,,,,,,,,,,,,,,,,,,,,,,,,,,,,,,,,,,,,,,,,,,,,,,,,,,,,,,,,,,,,,,,,,,,,,,,,,,,,,,,
,DISPOSITION,,,,,,,,,,,,,,,,,,,,,,,,,,,,,,,,,,,,,,,,,,,,,,,,,,,,,,,,,,,,,,,,,,,,,,,,,,,,,,,,,,,,,,,,,,,,,,,,,,,,,
,,Alberta Injection (reported as C3-SP or Solvent) ," 40,506.2 "," 42,740.1 "," 58,664.7 "," 52,198.6 "," 48,853.1 "," 64,076.1 "," 48,521.8 "," 52,613.2 "," 50,588.7 "," 56,781.3 "," 47,214.5 "," 57,680.2 "," 620,438.5 ",,,,,,,,,,,,,,,,,,,,,,,,,,,,,,,,,,,,,,,,,,,,,,,,,,,,,,,,,,,,,,,,,,,,,,,,,,,,,,,,,,,,,,,
,,,,,,,,,,,,,,,,,,,,,,,,,,,,,,,,,,,,,,,,,,,,,,,,,,,,,,,,,,,,,,,,,,,,,,,,,,,,,,,,,,,,,,,,,,,,,,,,,,,,,,
,,Alberta Other Sales  ," 326,732.3 "," 328,984.3 "," 298,551.0 "," 188,937.1 "," 199,032.4 "," 196,371.0 "," 238,384.3 "," 153,645.0 "," 133,280.3 "," 207,364.7 "," 244,272.7 "," 305,312.6 "," 2,820,867.7 ",,,,,,,,,,,,,,,,,,,,,,,,,,,,,,,,,,,,,,,,,,,,,,,,,,,,,,,,,,,,,,,,,,,,,,,,,,,,,,,,,,,,,,,
,,,,,,,,,,,,,,,,,,,,,,,,,,,,,,,,,,,,,,,,,,,,,,,,,,,,,,,,,,,,,,,,,,,,,,,,,,,,,,,,,,,,,,,,,,,,,,,,,,,,,,
,,Other Canada Removals,,,,,,,,,,,,,,,,,,,,,,,,,,,,,,,,,,,,,,,,,,,,,,,,,,,,,,,,,,,,,,,,,,,,,,,,,,,,,,,,,,,,,,,,,,,,,,,,,,,,
,,British Columbia," 38,557.9 "," 30,138.6 "," 39,638.5 "," 76,855.9 "," 130,401.4 "," 123,819.7 "," 144,962.5 "," 153,580.1 "," 124,871.9 "," 144,469.4 "," 144,809.9 "," 133,014.3 "," 1,285,120.1 ",,,,,,,,,,,,,,,,,,,,,,,,,,,,,,,,,,,,,,,,,,,,,,,,,,,,,,,,,,,,,,,,,,,,,,,,,,,,,,,,,,,,,,,
,,Saskatchewan," 61,574.0 "," 48,240.6 "," 61,019.3 "," 55,134.1 "," 40,110.0 "," 40,638.5 "," 66,542.1 "," 64,886.7 "," 57,324.0 "," 73,476.3 "," 46,902.3 "," 61,345.9 "," 677,193.8 ",,,,,,,,,,,,,,,,,,,,,,,,,,,,,,,,,,,,,,,,,,,,,,,,,,,,,,,,,,,,,,,,,,,,,,,,,,,,,,,,,,,,,,,
,,Manitoba," 60,043.1 "," 54,901.0 "," 45,155.7 "," 17,201.9 "," 18,795.8 "," 17,893.8 "," 13,484.2 "," 21,336.5 "," 22,761.9 "," 41,680.6 "," 45,741.5 "," 46,506.3 "," 405,502.3 ",,,,,,,,,,,,,,,,,,,,,,,,,,,,,,,,,,,,,,,,,,,,,,,,,,,,,,,,,,,,,,,,,,,,,,,,,,,,,,,,,,,,,,,
,,Ontario," 18,536.6 "," 11,665.0 "," 10,009.0 "," 38,632.2 "," 78,040.9 "," 47,738.1 "," 45,084.4 "," 36,735.6 "," 15,288.2 "," 16,387.1 "," 12,018.8 "," 23,064.8 "," 353,200.7 ",,,,,,,,,,,,,,,,,,,,,,,,,,,,,,,,,,,,,,,,,,,,,,,,,,,,,,,,,,,,,,,,,,,,,,,,,,,,,,,,,,,,,,,
,,Quebec," 25,836.1 "," 26,437.3 "," 13,872.2 "," 12,612.4 "," 13,123.6 "," 7,495.4 "," 7,112.1 "," 10,434.4 "," 21,288.9 "," 32,938.2 "," 26,608.3 "," 26,400.2 "," 224,159.1 ",,,,,,,,,,,,,,,,,,,,,,,,,,,,,,,,,,,,,,,,,,,,,,,,,,,,,,,,,,,,,,,,,,,,,,,,,,,,,,,,,,,,,,,
,,Maritimes," 2,505.3 "," 1,430.6 "," 4,751.4 "," 5,065.3 "," 6,408.5 "," 5,458.6 "," 5,778.9 "," 3,531.3 "," 3,195.3 "," 4,586.8 "," 7,078.2 "," 5,824.7 "," 55,614.9 ",,,,,,,,,,,,,,,,,,,,,,,,,,,,,,,,,,,,,,,,,,,,,,,,,,,,,,,,,,,,,,,,,,,,,,,,,,,,,,,,,,,,,,,
,,NWT Yukon Nunavut, 64.6 , 257.2 , -   , -   , -   , -   , -   , -   , -   , 64.0 , -   , 62.0 , 447.8 ,,,,,,,,,,,,,,,,,,,,,,,,,,,,,,,,,,,,,,,,,,,,,,,,,,,,,,,,,,,,,,,,,,,,,,,,,,,,,,,,,,,,,,,
,,Total Other Canada Removals," 207,117.6 "," 173,070.3 "," 174,446.1 "," 205,501.8 "," 286,880.2 "," 243,044.1 "," 282,964.2 "," 290,504.6 "," 244,730.2 "," 313,602.4 "," 283,159.0 "," 296,218.2 "," 3,001,238.7 ",,,,,,,,,,,,,,,,,,,,,,,,,,,,,,,,,,,,,,,,,,,,,,,,,,,,,,,,,,,,,,,,,,,,,,,,,,,,,,,,,,,,,,,
,,,,,,,,,,,,,,,,,,,,,,,,,,,,,,,,,,,,,,,,,,,,,,,,,,,,,,,,,,,,,,,,,,,,,,,,,,,,,,,,,,,,,,,,,,,,,,,,,,,,,,
,,USA Removals,,,,,,,,,,,,,,,,,,,,,,,,,,,,,,,,,,,,,,,,,,,,,,,,,,,,,,,,,,,,,,,,,,,,,,,,,,,,,,,,,,,,,,,,,,,,,,,,,,,,
,,     PADD 1," 49,211.2 "," 33,557.2 "," 37,610.3 "," 24,358.4 "," 27,693.5 "," 17,968.0 "," 14,747.4 "," 14,609.0 "," 16,503.4 "," 23,324.4 "," 18,919.1 "," 29,983.3 "," 308,485.2 ",,,,,,,,,,,,,,,,,,,,,,,,,,,,,,,,,,,,,,,,,,,,,,,,,,,,,,,,,,,,,,,,,,,,,,,,,,,,,,,,,,,,,,,
,,     PADD 2," 319,697.2 "," 297,497.6 "," 286,266.5 "," 199,503.4 "," 112,719.0 "," 111,936.5 "," 122,076.9 "," 128,635.5 "," 145,116.5 "," 210,184.6 "," 258,946.3 "," 253,533.1 "," 2,446,113.1 ",,,,,,,,,,,,,,,,,,,,,,,,,,,,,,,,,,,,,,,,,,,,,,,,,,,,,,,,,,,,,,,,,,,,,,,,,,,,,,,,,,,,,,,
,,     PADD 3," 52,463.2 "," 54,549.6 "," 61,251.5 "," 39,320.4 "," 35,484.4 "," 25,955.9 "," 15,310.1 "," 21,681.6 "," 37,819.4 "," 34,503.0 "," 31,250.0 "," 17,310.3 "," 426,899.4 ",,,,,,,,,,,,,,,,,,,,,,,,,,,,,,,,,,,,,,,,,,,,,,,,,,,,,,,,,,,,,,,,,,,,,,,,,,,,,,,,,,,,,,,
,,PADD 4," 24,068.7 "," 21,179.6 "," 11,268.0 "," 10,745.0 "," 26,709.8 "," 23,290.8 "," 30,067.2 "," 27,577.4 "," 21,124.4 "," 20,323.1 "," 24,381.4 "," 24,719.3 "," 265,454.7 ",,,,,,,,,,,,,,,,,,,,,,,,,,,,,,,,,,,,,,,,,,,,,,,,,,,,,,,,,,,,,,,,,,,,,,,,,,,,,,,,,,,,,,,
,,PADD 5," 166,727.9 "," 154,805.4 "," 161,451.5 "," 80,028.3 "," 74,241.1 "," 67,179.2 "," 74,874.7 "," 75,881.6 "," 106,049.2 "," 111,846.3 "," 118,532.6 "," 120,788.0 "," 1,312,405.8 ",,,,,,,,,,,,,,,,,,,,,,,,,,,,,,,,,,,,,,,,,,,,,,,,,,,,,,,,,,,,,,,,,,,,,,,,,,,,,,,,,,,,,,,
,,Total USA Removals," 612,168.2 "," 561,589.4 "," 557,847.8 "," 353,955.5 "," 276,847.8 "," 246,330.4 "," 257,076.3 "," 268,385.1 "," 326,612.9 "," 400,181.4 "," 452,029.4 "," 446,334.0 "," 4,759,358.2 ",,,,,,,,,,,,,,,,,,,,,,,,,,,,,,,,,,,,,,,,,,,,,,,,,,,,,,,,,,,,,,,,,,,,,,,,,,,,,,,,,,,,,,,
,,,,,,,,,,,,,,,,,,,,,,,,,,,,,,,,,,,,,,,,,,,,,,,,,,,,,,,,,,,,,,,,,,,,,,,,,,,,,,,,,,,,,,,,,,,,,,,,,,,,,,
,,Offshore Removals, -   , -   , -   , -   , -   , -   , -   , -   , -   , -   , -   , -   , -   ,,,,,,,,,,,,,,,,,,,,,,,,,,,,,,,,,,,,,,,,,,,,,,,,,,,,,,,,,,,,,,,,,,,,,,,,,,,,,,,,,,,,,,,
,,,,,,,,,,,,,,,,,,,,,,,,,,,,,,,,,,,,,,,,,,,,,,,,,,,,,,,,,,,,,,,,,,,,,,,,,,,,,,,,,,,,,,,,,,,,,,,,,,,,,,
,,Total Removals From Alberta," 819,285.8 "," 734,659.7 "," 732,293.9 "," 559,457.3 "," 563,728.0 "," 489,374.5 "," 540,040.5 "," 558,889.7 "," 571,343.1 "," 713,783.8 "," 735,188.4 "," 742,552.2 "," 7,760,596.9 ",,,,,,,,,,,,,,,,,,,,,,,,,,,,,,,,,,,,,,,,,,,,,,,,,,,,,,,,,,,,,,,,,,,,,,,,,,,,,,,,,,,,,,,
,,,,,,,,,,,,,,,,,,,,,,,,,,,,,,,,,,,,,,,,,,,,,,,,,,,,,,,,,,,,,,,,,,,,,,,,,,,,,,,,,,,,,,,,,,,,,,,,,,,,,,
,,Reporting Adjustment,0.0 ,0.0 ,0.0 ,0.0 ,0.0 ,0.0 ,0.0 ,0.0 ,0.0 ,0.0 ,0.0 ,0.0 , -   ,,,,,,,,,,,,,,,,,,,,,,,,,,,,,,,,,,,,,,,,,,,,,,,,,,,,,,,,,,,,,,,,,,,,,,,,,,,,,,,,,,,,,,,
,,as percent,0.0%,0.0%,0.0%,0.0%,0.0%,0.0%,0.0%,0.0%,0.0%,0.0%,0.0%,0.0%,0.0%,,,,,,,,,,,,,,,,,,,,,,,,,,,,,,,,,,,,,,,,,,,,,,,,,,,,,,,,,,,,,,,,,,,,,,,,,,,,,,,,,,,,,,,
,,,,,,,,,,,,,,,,,,,,,,,,,,,,,,,,,,,,,,,,,,,,,,,,,,,,,,,,,,,,,,,,,,,,,,,,,,,,,,,,,,,,,,,,,,,,,,,,,,,,,,
,,TOTAL DISPOSITION," 1,186,524.3 "," 1,106,384.1 "," 1,089,509.6 "," 800,593.0 "," 811,613.5 "," 749,821.6 "," 826,946.6 "," 765,147.9 "," 755,212.1 "," 977,929.8 "," 1,026,675.6 "," 1,105,545.0 "," 11,201,903.1 ",,,,,,,,,,,,,,,,,,,,,,,,,,,,,,,,,,,,,,,,,,,,,,,,,,,,,,,,,,,,,,,,,,,,,,,,,,,,,,,,,,,,,,,
,,,,,,,,,,,,,,,,,,,,,,,,,,,,,,,,,,,,,,,,,,,,,,,,,,,,,,,,,,,,,,,,,,,,,,,,,,,,,,,,,,,,,,,,,,,,,,,,,,,,,,
,,,,,,,,,,,,,,,,,,,,,,,,,,,,,,,,,,,,,,,,,,,,,,,,,,,,,,,,,,,,,,,,,,,,,,,,,,,,,,,,,,,,,,,,,,,,,,,,,,,,,,
,,,,,,,,,,,,,,,,,,,,,,,,,,,,,,,,,,,,,,,,,,,,,,,,,,,,,,,,,,,,,,,,,,,,,,,,,,,,,,,,,,,,,,,,,,,,,,,,,,,,,,
,,"Please be advised due to reporting changes in PETRINEX, certain volumes in the reporting are estimated. These impact:",,,,,,,,,,,,,,,,,,,,,,,,,,,,,,,,,,,,,,,,,,,,,,,,,,,,,,,,,,,,,,,,,,,,,,,,,,,,,,,,,,,,,,,,,,,,,,,,,,,,
,, 1.  Removals to Saskatchewan and small volumes in the Adjustments line.,,,,,,,,,,,,,,,,,,,,,,,,,,,,,,,,,,,,,,,,,,,,,,,,,,,,,,,,,,,,,,,,,,,,,,,,,,,,,,,,,,,,,,,,,,,,,,,,,,,,
,,,,,,,,,,,,,,,,,,,,,,,,,,,,,,,,,,,,,,,,,,,,,,,,,,,,,,,,,,,,,,,,,,,,,,,,,,,,,,,,,,,,,,,,,,,,,,,,,,,,,,
, Run Date:  27 January 2023,,,,,,,,,,,,,Year To Date,,,,,,,,,,,,,,,,,,,,,,,,,,,,,,,,,,,,,,,,,,,,,,,,,,,,,,,,,,,,,,,,,,,,,,,,,,,,,,,,,,,,,,,,
,,,Jan,Feb,Mar,Apr,May,Jun,Jul,Aug,Sep,Oct,Nov,Dec,2022,,,,,,,,,,,,,,,,,,,,,,,,,,,,,,,,,,,,,,,,,,,,,,,,,,,,,,,,,,,,,,,,,,,,,,,,,,,,,,,,,,,,,,,
,SUPPLY,,,,,,,,,,,,,,,,,,,,,,,,,,,,,,,,,,,,,,,,,,,,,,,,,,,,,,,,,,,,,,,,,,,,,,,,,,,,,,,,,,,,,,,,,,,,,,,,,,,,,
,,Opening Inventory," 613,628.6 "," 517,680.6 "," 409,551.1 "," 363,884.6 "," 451,730.3 "," 587,116.5 "," 724,311.1 "," 899,701.5 "," 1,049,181.3 "," 1,072,832.0 "," 1,035,935.8 "," 912,142.5 "," 613,628.6 ",,,,,,,,,,,,,,,,,,,,,,,,,,,,,,,,,,,,,,,,,,,,,,,,,,,,,,,,,,,,,,,,,,,,,,,,,,,,,,,,,,,,,,,
,,,,,,,,,,,,,,,,,,,,,,,,,,,,,,,,,,,,,,,,,,,,,,,,,,,,,,,,,,,,,,,,,,,,,,,,,,,,,,,,,,,,,,,,,,,,,,,,,,,,,,
,,Production,,,,,,,,,,,,,,,,,,,,,,,,,,,,,,,,,,,,,,,,,,,,,,,,,,,,,,,,,,,,,,,,,,,,,,,,,,,,,,,,,,,,,,,,,,,,,,,,,,,,
,,Plant/Gathering System Process," 212,261.7 "," 181,133.9 "," 149,150.3 "," 136,879.6 "," 198,394.8 "," 188,245.1 "," 192,934.4 "," 148,616.1 "," 110,972.8 "," 162,542.9 "," 104,032.2 "," 166,446.9 "," 1,951,610.7 ",,,,,,,,,,,,,,,,,,,,,,,,,,,,,,,,,,,,,,,,,,,,,,,,,,,,,,,,,,,,,,,,,,,,,,,,,,,,,,,,,,,,,,,
,,Refinery Process," 18,843.9 "," 18,547.5 "," 21,755.2 "," 13,819.5 "," 12,905.5 "," 15,015.2 "," 22,749.0 "," 20,231.4 "," 21,768.2 "," 19,788.1 "," 24,100.3 "," 24,699.6 "," 234,223.4 ",,,,,,,,,,,,,,,,,,,,,,,,,,,,,,,,,,,,,,,,,,,,,,,,,,,,,,,,,,,,,,,,,,,,,,,,,,,,,,,,,,,,,,,
,,Fractionation Yield," 787,098.9 "," 725,910.0 "," 763,063.7 "," 715,363.2 "," 713,874.0 "," 762,265.4 "," 789,551.9 "," 720,320.7 "," 654,045.8 "," 731,919.8 "," 758,560.7 "," 696,808.4 "," 8,818,782.5 ",,,,,,,,,,,,,,,,,,,,,,,,,,,,,,,,,,,,,,,,,,,,,,,,,,,,,,,,,,,,,,,,,,,,,,,,,,,,,,,,,,,,,,,
,,Total Production," 1,018,204.5 "," 925,591.4 "," 933,969.2 "," 866,062.3 "," 925,174.3 "," 965,525.7 "," 1,005,235.3 "," 889,168.2 "," 786,786.8 "," 914,250.8 "," 886,693.2 "," 887,954.9 "," 11,004,616.6 ",,,,,,,,,,,,,,,,,,,,,,,,,,,,,,,,,,,,,,,,,,,,,,,,,,,,,,,,,,,,,,,,,,,,,,,,,,,,,,,,,,,,,,,
,,,,,,,,,,,,,,,,,,,,,,,,,,,,,,,,,,,,,,,,,,,,,,,,,,,,,,,,,,,,,,,,,,,,,,,,,,,,,,,,,,,,,,,,,,,,,,,,,,,,,,
,,Intra-Alberta Receipts," 9,139.3 ", -   , -   ," 1,139.0 "," 7,163.3 "," 37,297.3 "," 42,638.7 "," 9,818.4 "," 1,412.7 "," 5,869.9 "," 4,751.2 "," 6,039.6 "," 125,269.4 ",,,,,,,,,,,,,,,,,,,,,,,,,,,,,,,,,,,,,,,,,,,,,,,,,,,,,,,,,,,,,,,,,,,,,,,,,,,,,,,,,,,,,,,
,,,,,,,,,,,,,,,,,,,,,,,,,,,,,,,,,,,,,,,,,,,,,,,,,,,,,,,,,,,,,,,,,,,,,,,,,,,,,,,,,,,,,,,,,,,,,,,,,,,,,,
,,Flare, -   , -   , -   , -   , -   , -   , -   , -   , -   , -   , -   , -   , -   ,,,,,,,,,,,,,,,,,,,,,,,,,,,,,,,,,,,,,,,,,,,,,,,,,,,,,,,,,,,,,,,,,,,,,,,,,,,,,,,,,,,,,,,
,,Fuel, -   , -   , -   , -   , -   , -   , -   , -   , -   , -   , -   , -   , -   ,,,,,,,,,,,,,,,,,,,,,,,,,,,,,,,,,,,,,,,,,,,,,,,,,,,,,,,,,,,,,,,,,,,,,,,,,,,,,,,,,,,,,,,
,,,,,,,,,,,,,,,,,,,,,,,,,,,,,,,,,,,,,,,,,,,,,,,,,,,,,,,,,,,,,,,,,,,,,,,,,,,,,,,,,,,,,,,,,,,,,,,,,,,,,,
,,Imports," 52,249.9 "," 49,858.1 "," 40,620.0 "," 8,218.4 "," 2,344.4 "," 5,085.4 "," 6,905.9 "," 9,414.0 "," 8,680.3 "," 27,744.4 "," 31,410.8 "," 36,242.2 "," 278,773.8 ",,,,,,,,,,,,,,,,,,,,,,,,,,,,,,,,,,,,,,,,,,,,,,,,,,,,,,,,,,,,,,,,,,,,,,,,,,,,,,,,,,,,,,,
,,,,,,,,,,,,,,,,,,,,,,,,,,,,,,,,,,,,,,,,,,,,,,,,,,,,,,,,,,,,,,,,,,,,,,,,,,,,,,,,,,,,,,,,,,,,,,,,,,,,,,
,,Closing Inventory," 517,680.6 "," 409,551.1 "," 363,884.6 "," 451,730.3 "," 587,116.5 "," 724,311.1 "," 899,701.5 "," 1,049,181.3 "," 1,072,832.0 "," 1,035,935.8 "," 912,142.5 "," 772,288.3 "," 772,288.3 ",,,,,,,,,,,,,,,,,,,,,,,,,,,,,,,,,,,,,,,,,,,,,,,,,,,,,,,,,,,,,,,,,,,,,,,,,,,,,,,,,,,,,,,
,,Adjustments," 19,688.6 "," 11,875.5 "," 12,688.1 "," 14,506.9 "," 11,727.9 "," 10,449.0 "," 14,981.6 "," 16,116.0 "," 12,118.9 "," 11,733.2 "," 14,799.7 "," 12,718.3 "," 163,403.7 ",,,,,,,,,,,,,,,,,,,,,,,,,,,,,,,,,,,,,,,,,,,,,,,,,,,,,,,,,,,,,,,,,,,,,,,,,,,,,,,,,,,,,,,
,,,,,,,,,,,,,,,,,,,,,,,,,,,,,,,,,,,,,,,,,,,,,,,,,,,,,,,,,,,,,,,,,,,,,,,,,,,,,,,,,,,,,,,,,,,,,,,,,,,,,,
,,TOTAL SUPPLY," 1,195,230.3 "," 1,095,454.5 "," 1,032,943.8 "," 802,080.9 "," 811,023.7 "," 881,162.8 "," 894,371.1 "," 775,036.8 "," 785,348.0 "," 996,494.5 "," 1,061,448.2 "," 1,082,809.2 "," 11,413,403.8 ",,,,,,,,,,,,,,,,,,,,,,,,,,,,,,,,,,,,,,,,,,,,,,,,,,,,,,,,,,,,,,,,,,,,,,,,,,,,,,,,,,,,,,,
,,,,,,,,,,,,,,,,,,,,,,,,,,,,,,,,,,,,,,,,,,,,,,,,,,,,,,,,,,,,,,,,,,,,,,,,,,,,,,,,,,,,,,,,,,,,,,,,,,,,,,
,DISPOSITION,,,,,,,,,,,,,,,,,,,,,,,,,,,,,,,,,,,,,,,,,,,,,,,,,,,,,,,,,,,,,,,,,,,,,,,,,,,,,,,,,,,,,,,,,,,,,,,,,,,,,
,,Alberta Injection (reported as C3-SP or Solvent) ," 59,842.4 "," 46,810.2 "," 41,600.9 "," 28,871.4 "," 22,110.6 "," 23,904.9 "," 25,567.4 "," 4,796.2 "," 12,390.1 "," 14,578.4 "," 25,879.2 "," 27,934.7 "," 334,286.4 ",,,,,,,,,,,,,,,,,,,,,,,,,,,,,,,,,,,,,,,,,,,,,,,,,,,,,,,,,,,,,,,,,,,,,,,,,,,,,,,,,,,,,,,
,,,,,,,,,,,,,,,,,,,,,,,,,,,,,,,,,,,,,,,,,,,,,,,,,,,,,,,,,,,,,,,,,,,,,,,,,,,,,,,,,,,,,,,,,,,,,,,,,,,,,,
,,Alberta Other Sales  ," 356,934.6 "," 323,864.2 "," 244,480.0 "," 214,896.3 "," 219,424.4 "," 258,497.7 "," 296,664.7 "," 248,322.7 "," 250,347.3 "," 308,756.9 "," 331,533.6 "," 346,766.0 "," 3,400,488.4 ",,,,,,,,,,,,,,,,,,,,,,,,,,,,,,,,,,,,,,,,,,,,,,,,,,,,,,,,,,,,,,,,,,,,,,,,,,,,,,,,,,,,,,,
,,,,,,,,,,,,,,,,,,,,,,,,,,,,,,,,,,,,,,,,,,,,,,,,,,,,,,,,,,,,,,,,,,,,,,,,,,,,,,,,,,,,,,,,,,,,,,,,,,,,,,
,,Other Canada Removals,,,,,,,,,,,,,,,,,,,,,,,,,,,,,,,,,,,,,,,,,,,,,,,,,,,,,,,,,,,,,,,,,,,,,,,,,,,,,,,,,,,,,,,,,,,,,,,,,,,,
,,British Columbia," 138,073.4 "," 127,255.3 "," 144,538.7 "," 173,959.0 "," 160,482.1 "," 151,656.7 "," 164,692.1 "," 163,937.4 "," 171,331.5 "," 169,680.4 "," 155,996.0 "," 132,227.5 "," 1,853,830.1 ",,,,,,,,,,,,,,,,,,,,,,,,,,,,,,,,,,,,,,,,,,,,,,,,,,,,,,,,,,,,,,,,,,,,,,,,,,,,,,,,,,,,,,,
,,Saskatchewan," 56,885.9 "," 55,442.3 "," 53,465.2 "," 53,501.7 "," 59,225.3 "," 60,119.8 "," 63,665.8 "," 36,966.2 ", 3.7 ," 45,980.8 "," 43,612.2 "," 50,893.3 "," 579,762.2 ",,,,,,,,,,,,,,,,,,,,,,,,,,,,,,,,,,,,,,,,,,,,,,,,,,,,,,,,,,,,,,,,,,,,,,,,,,,,,,,,,,,,,,,
,,Manitoba," 52,262.0 "," 49,823.8 "," 40,776.0 "," 8,028.8 "," 2,318.4 "," 5,143.5 "," 7,032.9 "," 9,411.7 "," 8,681.4 "," 27,518.1 "," 31,361.3 "," 35,906.3 "," 278,264.2 ",,,,,,,,,,,,,,,,,,,,,,,,,,,,,,,,,,,,,,,,,,,,,,,,,,,,,,,,,,,,,,,,,,,,,,,,,,,,,,,,,,,,,,,
,,Ontario," 24,067.6 "," 24,610.9 "," 28,170.2 "," 15,112.4 "," 46,629.3 "," 47,645.3 "," 41,064.1 "," 40,052.7 "," 33,189.0 "," 17,505.6 "," 12,918.0 "," 15,495.0 "," 346,460.1 ",,,,,,,,,,,,,,,,,,,,,,,,,,,,,,,,,,,,,,,,,,,,,,,,,,,,,,,,,,,,,,,,,,,,,,,,,,,,,,,,,,,,,,,
,,Quebec," 21,403.6 "," 19,924.3 "," 22,674.4 "," 3,212.1 "," 11,160.5 "," 9,970.9 "," 5,756.1 "," 8,719.3 "," 15,858.7 "," 26,311.0 "," 19,432.4 "," 20,795.9 "," 185,219.2 ",,,,,,,,,,,,,,,,,,,,,,,,,,,,,,,,,,,,,,,,,,,,,,,,,,,,,,,,,,,,,,,,,,,,,,,,,,,,,,,,,,,,,,,
,,Maritimes," 4,972.4 "," 4,045.7 "," 10,657.6 ", 345.4 , -   , 798.4 ," 1,362.5 "," 1,027.8 ", 684.0 ," 5,837.9 "," 5,208.4 "," 5,091.9 "," 40,032.0 ",,,,,,,,,,,,,,,,,,,,,,,,,,,,,,,,,,,,,,,,,,,,,,,,,,,,,,,,,,,,,,,,,,,,,,,,,,,,,,,,,,,,,,,
,,NWT Yukon Nunavut, 122.5 , -   , 154.2 , 61.5 , 189.5 , 63.0 , 125.5 , 63.5 , 91.6 , 722.4 ," 1,330.3 ", 839.8 ," 3,763.8 ",,,,,,,,,,,,,,,,,,,,,,,,,,,,,,,,,,,,,,,,,,,,,,,,,,,,,,,,,,,,,,,,,,,,,,,,,,,,,,,,,,,,,,,
,,Total Other Canada Removals," 297,787.4 "," 281,102.3 "," 300,436.3 "," 254,220.9 "," 280,005.1 "," 275,397.6 "," 283,699.0 "," 260,178.6 "," 229,839.9 "," 293,556.2 "," 269,858.6 "," 261,249.7 "," 3,287,331.6 ",,,,,,,,,,,,,,,,,,,,,,,,,,,,,,,,,,,,,,,,,,,,,,,,,,,,,,,,,,,,,,,,,,,,,,,,,,,,,,,,,,,,,,,
,,,,,,,,,,,,,,,,,,,,,,,,,,,,,,,,,,,,,,,,,,,,,,,,,,,,,,,,,,,,,,,,,,,,,,,,,,,,,,,,,,,,,,,,,,,,,,,,,,,,,,
,,USA Removals,,,,,,,,,,,,,,,,,,,,,,,,,,,,,,,,,,,,,,,,,,,,,,,,,,,,,,,,,,,,,,,,,,,,,,,,,,,,,,,,,,,,,,,,,,,,,,,,,,,,
,,     PADD 1," 34,145.6 "," 36,229.5 "," 46,204.5 "," 12,569.7 "," 25,943.6 "," 17,881.4 "," 10,942.5 "," 12,068.0 "," 10,513.1 "," 29,987.0 "," 32,279.2 "," 21,775.0 "," 290,539.1 ",,,,,,,,,,,,,,,,,,,,,,,,,,,,,,,,,,,,,,,,,,,,,,,,,,,,,,,,,,,,,,,,,,,,,,,,,,,,,,,,,,,,,,,
,,     PADD 2," 294,004.3 "," 279,740.3 "," 241,653.2 "," 175,474.6 "," 160,822.7 "," 162,456.0 "," 137,694.3 "," 140,646.2 "," 173,689.4 "," 229,096.0 "," 270,220.6 "," 247,490.0 "," 2,512,987.6 ",,,,,,,,,,,,,,,,,,,,,,,,,,,,,,,,,,,,,,,,,,,,,,,,,,,,,,,,,,,,,,,,,,,,,,,,,,,,,,,,,,,,,,,
,,     PADD 3," 14,383.9 "," 13,887.4 "," 26,439.4 "," 27,310.3 "," 5,418.1 "," 6,858.0 "," 2,408.4 "," 3,527.5 "," 5,466.8 "," 2,996.8 "," 2,481.9 "," 2,845.7 "," 114,024.2 ",,,,,,,,,,,,,,,,,,,,,,,,,,,,,,,,,,,,,,,,,,,,,,,,,,,,,,,,,,,,,,,,,,,,,,,,,,,,,,,,,,,,,,,
,,PADD 4," 22,191.6 "," 20,374.0 "," 17,417.2 "," 9,850.7 "," 11,529.9 "," 15,962.8 "," 13,684.4 "," 18,183.6 "," 13,518.6 "," 13,743.0 "," 21,225.5 "," 33,917.2 "," 211,598.5 ",,,,,,,,,,,,,,,,,,,,,,,,,,,,,,,,,,,,,,,,,,,,,,,,,,,,,,,,,,,,,,,,,,,,,,,,,,,,,,,,,,,,,,,
,,PADD 5," 115,940.5 "," 93,446.6 "," 114,712.3 "," 78,887.0 "," 85,769.3 "," 120,204.4 "," 123,710.4 "," 87,314.0 "," 89,582.8 "," 103,780.2 "," 107,969.6 "," 140,830.9 "," 1,262,148.0 ",,,,,,,,,,,,,,,,,,,,,,,,,,,,,,,,,,,,,,,,,,,,,,,,,,,,,,,,,,,,,,,,,,,,,,,,,,,,,,,,,,,,,,,
,,Total USA Removals," 480,665.9 "," 443,677.8 "," 446,426.6 "," 304,092.3 "," 289,483.6 "," 323,362.6 "," 288,440.0 "," 261,739.3 "," 292,770.7 "," 379,603.0 "," 434,176.8 "," 446,858.8 "," 4,391,297.4 ",,,,,,,,,,,,,,,,,,,,,,,,,,,,,,,,,,,,,,,,,,,,,,,,,,,,,,,,,,,,,,,,,,,,,,,,,,,,,,,,,,,,,,,
,,,,,,,,,,,,,,,,,,,,,,,,,,,,,,,,,,,,,,,,,,,,,,,,,,,,,,,,,,,,,,,,,,,,,,,,,,,,,,,,,,,,,,,,,,,,,,,,,,,,,,
,,Offshore Removals, -   , -   , -   , -   , -   , -   , -   , -   , -   , -   , -   , -   , -   ,,,,,,,,,,,,,,,,,,,,,,,,,,,,,,,,,,,,,,,,,,,,,,,,,,,,,,,,,,,,,,,,,,,,,,,,,,,,,,,,,,,,,,,
,,,,,,,,,,,,,,,,,,,,,,,,,,,,,,,,,,,,,,,,,,,,,,,,,,,,,,,,,,,,,,,,,,,,,,,,,,,,,,,,,,,,,,,,,,,,,,,,,,,,,,
,,Total Removals From Alberta," 778,453.3 "," 724,780.1 "," 746,862.9 "," 558,313.2 "," 569,488.7 "," 598,760.2 "," 572,139.0 "," 521,917.9 "," 522,610.6 "," 673,159.2 "," 704,035.4 "," 708,108.5 "," 7,678,629.0 ",,,,,,,,,,,,,,,,,,,,,,,,,,,,,,,,,,,,,,,,,,,,,,,,,,,,,,,,,,,,,,,,,,,,,,,,,,,,,,,,,,,,,,,
,,,,,,,,,,,,,,,,,,,,,,,,,,,,,,,,,,,,,,,,,,,,,,,,,,,,,,,,,,,,,,,,,,,,,,,,,,,,,,,,,,,,,,,,,,,,,,,,,,,,,,
,,Reporting Adjustment,0.0 ,0.0 ,0.0 ,0.0 ,0.0 ,0.0 ,0.0 ,0.0 ,0.0 ,0.0 ,0.0 ,0.0 , -   ,,,,,,,,,,,,,,,,,,,,,,,,,,,,,,,,,,,,,,,,,,,,,,,,,,,,,,,,,,,,,,,,,,,,,,,,,,,,,,,,,,,,,,,
,,as percent,0.0%,0.0%,0.0%,0.0%,0.0%,0.0%,0.0%,0.0%,0.0%,0.0%,0.0%,0.0%,0.0%,,,,,,,,,,,,,,,,,,,,,,,,,,,,,,,,,,,,,,,,,,,,,,,,,,,,,,,,,,,,,,,,,,,,,,,,,,,,,,,,,,,,,,,
,,,,,,,,,,,,,,,,,,,,,,,,,,,,,,,,,,,,,,,,,,,,,,,,,,,,,,,,,,,,,,,,,,,,,,,,,,,,,,,,,,,,,,,,,,,,,,,,,,,,,,
,,TOTAL DISPOSITION," 1,195,230.3 "," 1,095,454.5 "," 1,032,943.8 "," 802,080.9 "," 811,023.7 "," 881,162.8 "," 894,371.1 "," 775,036.8 "," 785,348.0 "," 996,494.5 "," 1,061,448.2 "," 1,082,809.2 "," 11,413,403.8 ",,,,,,,,,,,,,,,,,,,,,,,,,,,,,,,,,,,,,,,,,,,,,,,,,,,,,,,,,,,,,,,,,,,,,,,,,,,,,,,,,,,,,,,
,,,,,,,,,,,,,,,,,,,,,,,,,,,,,,,,,,,,,,,,,,,,,,,,,,,,,,,,,,,,,,,,,,,,,,,,,,,,,,,,,,,,,,,,,,,,,,,,,,,,,,
,,,,,,,,,,,,,,,,,,,,,,,,,,,,,,,,,,,,,,,,,,,,,,,,,,,,,,,,,,,,,,,,,,,,,,,,,,,,,,,,,,,,,,,,,,,,,,,,,,,,,,
,,,,,,,,,,,,,,,,,,,,,,,,,,,,,,,,,,,,,,,,,,,,,,,,,,,,,,,,,,,,,,,,,,,,,,,,,,,,,,,,,,,,,,,,,,,,,,,,,,,,,,
,,"Please be advised due to reporting changes in PETRINEX, certain volumes in the reporting are estimated. These impact:",,,,,,,,,,,,,,,,,,,,,,,,,,,,,,,,,,,,,,,,,,,,,,,,,,,,,,,,,,,,,,,,,,,,,,,,,,,,,,,,,,,,,,,,,,,,,,,,,,,,
,, 1.  Removals to Saskatchewan and small volumes in the Adjustments line.,,,,,,,,,,,,,,,,,,,,,,,,,,,,,,,,,,,,,,,,,,,,,,,,,,,,,,,,,,,,,,,,,,,,,,,,,,,,,,,,,,,,,,,,,,,,,,,,,,,,
,,,,,,,,,,,,,,,,,,,,,,,,,,,,,,,,,,,,,,,,,,,,,,,,,,,,,,,,,,,,,,,,,,,,,,,,,,,,,,,,,,,,,,,,,,,,,,,,,,,,,,
, Run Date:  08 January 2024,,,,,,,,,,,,,,Year To Date,,,,,,,,,,,,,,,,,,,,,,,,,,,,,,,,,,,,,,,,,,,,,,,,,,,,,,,,,,,,,,,,,,,,,,,,,,,,,,,,,,,,,,,
,,,Jan,Feb,Mar,Apr,May,Jun,Jul,Aug,Sep,Oct,Nov,Dec,2023,,,,,,,,,,,,,,,,,,,,,,,,,,,,,,,,,,,,,,,,,,,,,,,,,,,,,,,,,,,,,,,,,,,,,,,,,,,,,,,,,,,,,,,
,SUPPLY,,,,,,,,,,,,,,,,,,,,,,,,,,,,,,,,,,,,,,,,,,,,,,,,,,,,,,,,,,,,,,,,,,,,,,,,,,,,,,,,,,,,,,,,,,,,,,,,,,,,,
,,Opening Inventory," 773,942.3 "," 598,419.8 "," 431,306.2 "," 363,606.8 "," 457,190.2 "," 458,365.7 "," 548,729.7 "," 674,617.7 "," 789,980.9 "," 826,906.8 "," 856,360.6 ", -   ," 773,942.3 ",,,,,,,,,,,,,,,,,,,,,,,,,,,,,,,,,,,,,,,,,,,,,,,,,,,,,,,,,,,,,,,,,,,,,,,,,,,,,,,,,,,,,,,
,,,,,,,,,,,,,,,,,,,,,,,,,,,,,,,,,,,,,,,,,,,,,,,,,,,,,,,,,,,,,,,,,,,,,,,,,,,,,,,,,,,,,,,,,,,,,,,,,,,,,,
,,Production,,,,,,,,,,,,,,,,,,,,,,,,,,,,,,,,,,,,,,,,,,,,,,,,,,,,,,,,,,,,,,,,,,,,,,,,,,,,,,,,,,,,,,,,,,,,,,,,,,,,
,,Plant/Gathering System Process," 120,726.3 "," 116,687.1 "," 121,527.5 "," 116,318.1 "," 119,087.2 "," 77,501.2 "," 106,125.8 "," 127,833.8 "," 147,490.6 "," 146,433.6 "," 143,643.9 ", -   ," 1,343,375.1 ",,,,,,,,,,,,,,,,,,,,,,,,,,,,,,,,,,,,,,,,,,,,,,,,,,,,,,,,,,,,,,,,,,,,,,,,,,,,,,,,,,,,,,,
,,Refinery Process," 25,639.4 "," 19,098.4 "," 20,189.2 "," 12,409.4 "," 7,190.3 "," 19,085.5 "," 23,183.9 "," 23,636.1 "," 20,211.1 "," 24,562.7 "," 21,381.9 ", -   ," 216,587.9 ",,,,,,,,,,,,,,,,,,,,,,,,,,,,,,,,,,,,,,,,,,,,,,,,,,,,,,,,,,,,,,,,,,,,,,,,,,,,,,,,,,,,,,,
,,Fractionation Yield," 866,443.6 "," 708,702.3 "," 858,738.3 "," 793,138.5 "," 686,629.7 "," 717,321.3 "," 770,099.6 "," 796,603.2 "," 676,119.8 "," 880,794.5 "," 855,290.8 ", -   ," 8,609,881.6 ",,,,,,,,,,,,,,,,,,,,,,,,,,,,,,,,,,,,,,,,,,,,,,,,,,,,,,,,,,,,,,,,,,,,,,,,,,,,,,,,,,,,,,,
,,Total Production," 1,012,809.3 "," 844,487.8 "," 1,000,455.0 "," 921,866.0 "," 812,907.2 "," 813,908.0 "," 899,409.3 "," 948,073.1 "," 843,821.5 "," 1,051,790.8 "," 1,020,316.6 ", -   ," 10,169,844.6 ",,,,,,,,,,,,,,,,,,,,,,,,,,,,,,,,,,,,,,,,,,,,,,,,,,,,,,,,,,,,,,,,,,,,,,,,,,,,,,,,,,,,,,,
,,,,,,,,,,,,,,,,,,,,,,,,,,,,,,,,,,,,,,,,,,,,,,,,,,,,,,,,,,,,,,,,,,,,,,,,,,,,,,,,,,,,,,,,,,,,,,,,,,,,,,
,,Intra-Alberta Receipts," 23,949.5 "," 15,729.7 "," 21,814.8 "," 24,715.0 "," 41,164.9 "," 4,538.0 "," 45,776.6 "," 21,798.9 "," 82,140.0 "," 62,180.8 "," 26,144.6 ", -   ," 369,952.8 ",,,,,,,,,,,,,,,,,,,,,,,,,,,,,,,,,,,,,,,,,,,,,,,,,,,,,,,,,,,,,,,,,,,,,,,,,,,,,,,,,,,,,,,
,,,,,,,,,,,,,,,,,,,,,,,,,,,,,,,,,,,,,,,,,,,,,,,,,,,,,,,,,,,,,,,,,,,,,,,,,,,,,,,,,,,,,,,,,,,,,,,,,,,,,,
,,Flare, -   , -   , -   , -   , -   , -   ," (1,175.0)", (10.0), -   , -   , -   , -   ," (1,185.0)",,,,,,,,,,,,,,,,,,,,,,,,,,,,,,,,,,,,,,,,,,,,,,,,,,,,,,,,,,,,,,,,,,,,,,,,,,,,,,,,,,,,,,,
,,Fuel, -   , -   , -   , -   , -   , -   , -   , -   , -   , -   , -   , -   , -   ,,,,,,,,,,,,,,,,,,,,,,,,,,,,,,,,,,,,,,,,,,,,,,,,,,,,,,,,,,,,,,,,,,,,,,,,,,,,,,,,,,,,,,,
,,,,,,,,,,,,,,,,,,,,,,,,,,,,,,,,,,,,,,,,,,,,,,,,,,,,,,,,,,,,,,,,,,,,,,,,,,,,,,,,,,,,,,,,,,,,,,,,,,,,,,
,,Imports," 46,311.2 "," 43,343.3 "," 29,196.1 "," 5,231.9 "," 5,258.8 "," 8,593.8 "," 7,549.8 "," 7,695.6 "," 13,160.5 "," 41,877.3 "," 40,559.6 ", -   ," 248,777.9 ",,,,,,,,,,,,,,,,,,,,,,,,,,,,,,,,,,,,,,,,,,,,,,,,,,,,,,,,,,,,,,,,,,,,,,,,,,,,,,,,,,,,,,,
,,,,,,,,,,,,,,,,,,,,,,,,,,,,,,,,,,,,,,,,,,,,,,,,,,,,,,,,,,,,,,,,,,,,,,,,,,,,,,,,,,,,,,,,,,,,,,,,,,,,,,
,,Closing Inventory," 598,419.8 "," 431,306.2 "," 363,606.8 "," 457,190.2 "," 458,365.7 "," 548,729.7 "," 674,617.7 "," 789,980.9 "," 826,906.8 "," 856,360.6 "," 754,786.9 ", -   ," 754,786.9 ",,,,,,,,,,,,,,,,,,,,,,,,,,,,,,,,,,,,,,,,,,,,,,,,,,,,,,,,,,,,,,,,,,,,,,,,,,,,,,,,,,,,,,,
,,Adjustments," 3,614.7 "," 31,375.5 "," 9,728.8 "," 11,300.9 "," (41,838.9)"," 18,544.1 "," 11,734.8 "," 15,505.3 "," 7,672.4 "," 11,904.2 "," 16,465.8 ", -   ," 96,007.6 ",,,,,,,,,,,,,,,,,,,,,,,,,,,,,,,,,,,,,,,,,,,,,,,,,,,,,,,,,,,,,,,,,,,,,,,,,,,,,,,,,,,,,,,
,,,,,,,,,,,,,,,,,,,,,,,,,,,,,,,,,,,,,,,,,,,,,,,,,,,,,,,,,,,,,,,,,,,,,,,,,,,,,,,,,,,,,,,,,,,,,,,,,,,,,,
,,TOTAL SUPPLY," 1,262,207.2 "," 1,102,049.9 "," 1,128,894.1 "," 869,530.4 "," 816,316.5 "," 755,219.9 "," 837,407.5 "," 877,699.7 "," 909,868.5 "," 1,138,299.3 "," 1,205,060.3 ", -   ," 10,902,553.3 ",,,,,,,,,,,,,,,,,,,,,,,,,,,,,,,,,,,,,,,,,,,,,,,,,,,,,,,,,,,,,,,,,,,,,,,,,,,,,,,,,,,,,,,
,,,,,,,,,,,,,,,,,,,,,,,,,,,,,,,,,,,,,,,,,,,,,,,,,,,,,,,,,,,,,,,,,,,,,,,,,,,,,,,,,,,,,,,,,,,,,,,,,,,,,,
,DISPOSITION,,,,,,,,,,,,,,,,,,,,,,,,,,,,,,,,,,,,,,,,,,,,,,,,,,,,,,,,,,,,,,,,,,,,,,,,,,,,,,,,,,,,,,,,,,,,,,,,,,,,,
,,Alberta Injection (reported as C3-SP or Solvent) ," 21,280.5 "," 22,584.8 "," 23,267.8 "," 12,519.8 "," 10,227.5 "," 14,066.4 "," 7,400.5 "," 10,295.5 "," 13,639.6 "," 18,858.5 "," 24,521.2 ", -   ," 178,662.1 ",,,,,,,,,,,,,,,,,,,,,,,,,,,,,,,,,,,,,,,,,,,,,,,,,,,,,,,,,,,,,,,,,,,,,,,,,,,,,,,,,,,,,,,
,,,,,,,,,,,,,,,,,,,,,,,,,,,,,,,,,,,,,,,,,,,,,,,,,,,,,,,,,,,,,,,,,,,,,,,,,,,,,,,,,,,,,,,,,,,,,,,,,,,,,,
,,Alberta Other Sales  ," 408,134.7 "," 416,475.1 "," 440,380.3 "," 294,053.8 "," 204,686.1 "," 189,238.7 "," 294,831.7 "," 304,563.1 "," 329,290.2 "," 406,896.9 "," 439,456.1 ", -   ," 3,728,006.7 ",,,,,,,,,,,,,,,,,,,,,,,,,,,,,,,,,,,,,,,,,,,,,,,,,,,,,,,,,,,,,,,,,,,,,,,,,,,,,,,,,,,,,,,
,,,,,,,,,,,,,,,,,,,,,,,,,,,,,,,,,,,,,,,,,,,,,,,,,,,,,,,,,,,,,,,,,,,,,,,,,,,,,,,,,,,,,,,,,,,,,,,,,,,,,,
,,Other Canada Removals,,,,,,,,,,,,,,,,,,,,,,,,,,,,,,,,,,,,,,,,,,,,,,,,,,,,,,,,,,,,,,,,,,,,,,,,,,,,,,,,,,,,,,,,,,,,,,,,,,,,
,,British Columbia," 166,111.3 "," 133,576.3 "," 155,171.7 "," 147,257.8 "," 201,673.5 "," 181,309.5 "," 199,748.1 "," 208,698.6 "," 183,372.8 "," 206,435.3 "," 185,480.5 ", -   ," 1,968,835.4 ",,,,,,,,,,,,,,,,,,,,,,,,,,,,,,,,,,,,,,,,,,,,,,,,,,,,,,,,,,,,,,,,,,,,,,,,,,,,,,,,,,,,,,,
,,Saskatchewan," 49,357.0 "," 52,990.3 "," 47,932.1 "," 72,013.7 "," 68,728.9 "," 72,629.0 "," 40,194.4 "," 48,597.9 "," 73,173.1 "," 60,010.4 "," 37,896.5 ", -   ," 623,523.3 ",,,,,,,,,,,,,,,,,,,,,,,,,,,,,,,,,,,,,,,,,,,,,,,,,,,,,,,,,,,,,,,,,,,,,,,,,,,,,,,,,,,,,,,
,,Manitoba," 45,133.5 "," 38,081.9 "," 26,535.6 "," 6,151.0 "," 5,276.9 "," 8,723.5 "," 7,465.8 "," 7,614.9 "," 13,019.0 "," 41,512.6 "," 40,086.0 ", -   ," 239,600.7 ",,,,,,,,,,,,,,,,,,,,,,,,,,,,,,,,,,,,,,,,,,,,,,,,,,,,,,,,,,,,,,,,,,,,,,,,,,,,,,,,,,,,,,,
,,Ontario," 12,942.8 "," 7,667.0 "," 8,983.6 "," 43,140.3 "," 32,028.0 "," 33,449.1 "," 37,861.2 "," 31,559.2 "," 8,078.1 "," 16,001.2 "," 11,953.0 ", -   ," 243,663.5 ",,,,,,,,,,,,,,,,,,,,,,,,,,,,,,,,,,,,,,,,,,,,,,,,,,,,,,,,,,,,,,,,,,,,,,,,,,,,,,,,,,,,,,,
,,Quebec," 24,249.8 "," 13,512.2 "," 14,270.5 "," 7,654.3 "," 14,023.0 "," 11,853.4 "," 9,558.3 "," 13,290.9 "," 15,326.4 "," 17,094.8 "," 19,336.0 ", -   ," 160,169.6 ",,,,,,,,,,,,,,,,,,,,,,,,,,,,,,,,,,,,,,,,,,,,,,,,,,,,,,,,,,,,,,,,,,,,,,,,,,,,,,,,,,,,,,,
,,Maritimes," 5,300.2 "," 4,961.5 "," 3,079.4 "," 1,267.5 "," 4,900.1 "," 2,380.8 "," 2,039.0 "," 1,140.9 "," 3,068.5 "," 3,890.5 "," 5,661.0 ", -   ," 37,689.4 ",,,,,,,,,,,,,,,,,,,,,,,,,,,,,,,,,,,,,,,,,,,,,,,,,,,,,,,,,,,,,,,,,,,,,,,,,,,,,,,,,,,,,,,
,,NWT Yukon Nunavut, 486.6 ," 1,518.3 ", 787.6 , 185.4 , -   , 57.9 , -   , 60.9 , 309.6 , 674.9 , 303.2 , -   ," 4,384.4 ",,,,,,,,,,,,,,,,,,,,,,,,,,,,,,,,,,,,,,,,,,,,,,,,,,,,,,,,,,,,,,,,,,,,,,,,,,,,,,,,,,,,,,,
,,Total Other Canada Removals," 303,581.2 "," 252,307.5 "," 256,760.5 "," 277,670.0 "," 326,630.4 "," 310,403.2 "," 296,866.8 "," 310,963.3 "," 296,347.5 "," 345,619.7 "," 300,716.2 ", -   ," 3,277,866.3 ",,,,,,,,,,,,,,,,,,,,,,,,,,,,,,,,,,,,,,,,,,,,,,,,,,,,,,,,,,,,,,,,,,,,,,,,,,,,,,,,,,,,,,,
,,,,,,,,,,,,,,,,,,,,,,,,,,,,,,,,,,,,,,,,,,,,,,,,,,,,,,,,,,,,,,,,,,,,,,,,,,,,,,,,,,,,,,,,,,,,,,,,,,,,,,
,,USA Removals,,,,,,,,,,,,,,,,,,,,,,,,,,,,,,,,,,,,,,,,,,,,,,,,,,,,,,,,,,,,,,,,,,,,,,,,,,,,,,,,,,,,,,,,,,,,,,,,,,,,
,,     PADD 1," 37,509.0 "," 30,179.5 "," 34,196.6 "," 23,560.6 "," 20,149.0 "," 20,212.2 "," 21,140.6 "," 17,193.3 "," 20,516.7 "," 32,992.0 "," 46,247.6 ", -   ," 303,897.1 ",,,,,,,,,,,,,,,,,,,,,,,,,,,,,,,,,,,,,,,,,,,,,,,,,,,,,,,,,,,,,,,,,,,,,,,,,,,,,,,,,,,,,,,
,,     PADD 2," 296,224.6 "," 227,222.5 "," 201,735.6 "," 128,846.5 "," 132,212.5 "," 124,515.4 "," 115,581.8 "," 132,683.3 "," 148,157.8 "," 206,271.3 "," 264,271.5 ", -   ," 1,977,722.8 ",,,,,,,,,,,,,,,,,,,,,,,,,,,,,,,,,,,,,,,,,,,,,,,,,,,,,,,,,,,,,,,,,,,,,,,,,,,,,,,,,,,,,,,
,,     PADD 3," 9,229.4 "," 11,955.7 "," 18,710.4 "," 16,374.5 "," 17,043.6 "," 7,667.2 "," 4,484.1 "," 5,175.7 "," 4,598.0 "," 11,874.5 "," 15,378.4 ", -   ," 122,491.5 ",,,,,,,,,,,,,,,,,,,,,,,,,,,,,,,,,,,,,,,,,,,,,,,,,,,,,,,,,,,,,,,,,,,,,,,,,,,,,,,,,,,,,,,
,,PADD 4," 44,361.0 "," 29,288.9 "," 25,934.2 "," 32,451.3 "," 19,859.3 "," 19,073.0 "," 18,528.2 "," 11,186.4 "," 10,341.7 "," 14,727.2 "," 17,474.5 ", -   ," 243,225.7 ",,,,,,,,,,,,,,,,,,,,,,,,,,,,,,,,,,,,,,,,,,,,,,,,,,,,,,,,,,,,,,,,,,,,,,,,,,,,,,,,,,,,,,,
,,PADD 5," 141,886.8 "," 112,035.9 "," 127,908.7 "," 84,053.9 "," 85,508.1 "," 70,043.8 "," 78,573.8 "," 85,639.1 "," 86,977.0 "," 101,059.2 "," 96,994.8 ", -   ," 1,070,681.1 ",,,,,,,,,,,,,,,,,,,,,,,,,,,,,,,,,,,,,,,,,,,,,,,,,,,,,,,,,,,,,,,,,,,,,,,,,,,,,,,,,,,,,,,
,,Total USA Removals," 529,210.8 "," 410,682.5 "," 408,485.5 "," 285,286.8 "," 274,772.5 "," 241,511.6 "," 238,308.5 "," 251,877.8 "," 270,591.2 "," 366,924.2 "," 440,366.8 ", -   ," 3,718,018.2 ",,,,,,,,,,,,,,,,,,,,,,,,,,,,,,,,,,,,,,,,,,,,,,,,,,,,,,,,,,,,,,,,,,,,,,,,,,,,,,,,,,,,,,,
,,,,,,,,,,,,,,,,,,,,,,,,,,,,,,,,,,,,,,,,,,,,,,,,,,,,,,,,,,,,,,,,,,,,,,,,,,,,,,,,,,,,,,,,,,,,,,,,,,,,,,
,,Offshore Removals, -   , -   , -   , -   , -   , -   , -   , -   , -   , -   , -   , -   , -   ,,,,,,,,,,,,,,,,,,,,,,,,,,,,,,,,,,,,,,,,,,,,,,,,,,,,,,,,,,,,,,,,,,,,,,,,,,,,,,,,,,,,,,,
,,,,,,,,,,,,,,,,,,,,,,,,,,,,,,,,,,,,,,,,,,,,,,,,,,,,,,,,,,,,,,,,,,,,,,,,,,,,,,,,,,,,,,,,,,,,,,,,,,,,,,
,,Total Removals From Alberta," 832,792.0 "," 662,990.0 "," 665,246.0 "," 562,956.8 "," 601,402.9 "," 551,914.8 "," 535,175.3 "," 562,841.1 "," 566,938.7 "," 712,543.9 "," 741,083.0 ", -   ," 6,995,884.5 ",,,,,,,,,,,,,,,,,,,,,,,,,,,,,,,,,,,,,,,,,,,,,,,,,,,,,,,,,,,,,,,,,,,,,,,,,,,,,,,,,,,,,,,
,,,,,,,,,,,,,,,,,,,,,,,,,,,,,,,,,,,,,,,,,,,,,,,,,,,,,,,,,,,,,,,,,,,,,,,,,,,,,,,,,,,,,,,,,,,,,,,,,,,,,,
,,Reporting Adjustment,0.0 ,0.0 ,0.0 ,0.0 ,0.0 ,0.0 ,0.0 ,0.0 ,0.0 ,0.0 ,0.0 ,0.0 , -   ,,,,,,,,,,,,,,,,,,,,,,,,,,,,,,,,,,,,,,,,,,,,,,,,,,,,,,,,,,,,,,,,,,,,,,,,,,,,,,,,,,,,,,,
,,as percent,0.0%,0.0%,0.0%,0.0%,0.0%,0.0%,0.0%,0.0%,0.0%,0.0%,0.0%,,0.0%,,,,,,,,,,,,,,,,,,,,,,,,,,,,,,,,,,,,,,,,,,,,,,,,,,,,,,,,,,,,,,,,,,,,,,,,,,,,,,,,,,,,,,,
,,,,,,,,,,,,,,,,,,,,,,,,,,,,,,,,,,,,,,,,,,,,,,,,,,,,,,,,,,,,,,,,,,,,,,,,,,,,,,,,,,,,,,,,,,,,,,,,,,,,,,
,,TOTAL DISPOSITION," 1,262,207.2 "," 1,102,049.9 "," 1,128,894.1 "," 869,530.4 "," 816,316.5 "," 755,219.9 "," 837,407.5 "," 877,699.7 "," 909,868.5 "," 1,138,299.3 "," 1,205,060.3 ", -   ," 10,902,553.3 ",,,,,,,,,,,,,,,,,,,,,,,,,,,,,,,,,,,,,,,,,,,,,,,,,,,,,,,,,,,,,,,,,,,,,,,,,,,,,,,,,,,,,,,
,,,,,,,,,,,,,,,,,,,,,,,,,,,,,,,,,,,,,,,,,,,,,,,,,,,,,,,,,,,,,,,,,,,,,,,,,,,,,,,,,,,,,,,,,,,,,,,,,,,,,,
,,,,,,,,,,,,,,,,,,,,,,,,,,,,,,,,,,,,,,,,,,,,,,,,,,,,,,,,,,,,,,,,,,,,,,,,,,,,,,,,,,,,,,,,,,,,,,,,,,,,,,
,,,,,,,,,,,,,,,,,,,,,,,,,,,,,,,,,,,,,,,,,,,,,,,,,,,,,,,,,,,,,,,,,,,,,,,,,,,,,,,,,,,,,,,,,,,,,,,,,,,,,,
,,"Please be advised due to reporting changes in PETRINEX, certain volumes in the reporting are estimated. These impact:",,,,,,,,,,,,,,,,,,,,,,,,,,,,,,,,,,,,,,,,,,,,,,,,,,,,,,,,,,,,,,,,,,,,,,,,,,,,,,,,,,,,,,,,,,,,,,,,,,,,
,, 1.  Removals to Saskatchewan and small volumes in the Adjustments line.,,,,,,,,,,,,,,,,,,,,,,,,,,,,,,,,,,,,,,,,,,,,,,,,,,,,,,,,,,,,,,,,,,,,,,,,,,,,,,,,,,,,,,,,,,,,,,,,,,,,
